scenario,frame,src,family,paMethod,plannedBwHz,rsHz,beta,execObwHz,theoryCleanObwHz,ratioVsTheory,ratioVsAllocation,measObwHz,snrDb,activeN
1,1,1,QAM,Cubic polynomial,20000000,16000000,0.25,17616531.81,17649091.31,0.998155,0.880827,17616536.71,-9.25719,2048
1,1,2,OFDM,Cubic polynomial,40000000,32000000,0.25,39566103.14,NaN,NaN,0.989153,39566102.01,21.7522,2048
1,5,1,QAM,Cubic polynomial,20000000,16000000,0.25,17656497.66,17649091.31,1.00042,0.882825,17656523.13,0.999129,2048
1,5,2,OFDM,Cubic polynomial,40000000,32000000,0.25,39444930.52,NaN,NaN,0.986123,39444922.89,10.2611,2048
1,6,1,QAM,Cubic polynomial,20000000,16000000,0.25,17616531.81,17649091.31,0.998155,0.880827,17616539.47,25.9681,2048
1,6,2,OFDM,Cubic polynomial,40000000,32000000,0.25,39566103.14,NaN,NaN,0.989153,39566104.25,7.7076,2048
1,10,1,QAM,Cubic polynomial,20000000,16000000,0.25,17656497.66,17649091.31,1.00042,0.882825,17656537.41,6.95998,2048
1,10,2,OFDM,Cubic polynomial,40000000,32000000,0.25,39444930.52,NaN,NaN,0.986123,39444938.64,15.2595,2048
1,11,1,QAM,Cubic polynomial,20000000,16000000,0.25,17616531.81,17649091.31,0.998155,0.880827,17616537.56,6.03752,2048
1,11,2,OFDM,Cubic polynomial,40000000,32000000,0.25,39566103.14,NaN,NaN,0.989153,39566102.87,15.0205,2048
1,15,1,QAM,Cubic polynomial,20000000,16000000,0.25,17656497.66,17649091.31,1.00042,0.882825,17656527.51,8.53636,2048
1,15,2,OFDM,Cubic polynomial,40000000,32000000,0.25,39444930.52,NaN,NaN,0.986123,39444928.65,11.1761,2048
2,1,1,OFDM,Lookup table,10000000,8000000,0.25,10020176.06,NaN,NaN,1.00202,9946533.73,-9.25719,2048
2,5,1,OFDM,Lookup table,10000000,8000000,0.25,9937364.823,NaN,NaN,0.993736,9954131.911,0.999132,2048
2,6,1,OFDM,Lookup table,10000000,8000000,0.25,10020176.06,NaN,NaN,1.00202,9964534.322,25.9692,2048
2,10,1,OFDM,Lookup table,10000000,8000000,0.25,9937364.823,NaN,NaN,0.993736,9843316.211,6.95999,2048
2,11,1,OFDM,Lookup table,10000000,8000000,0.25,10020176.06,NaN,NaN,1.00202,9983060.009,6.03753,2048
2,15,1,OFDM,Lookup table,10000000,8000000,0.25,9937364.823,NaN,NaN,0.993736,9847821.988,8.53638,2048
3,1,1,OFDM,Cubic polynomial,40000000,32000000,0.25,39613628.74,NaN,NaN,0.990341,39520072.36,-9.25719,1638
3,1,2,QAM,Ghorbani model,40000000,32000000,0.25,36589825.17,35298182.63,1.03659,0.914746,36577756.35,21.3287,1638
3,1,3,OFDM,Saleh model,40000000,32000000,0.25,39579603.22,NaN,NaN,0.98949,39583863.01,-5.93293,1638
3,4,1,OFDM,Cubic polynomial,40000000,32000000,0.25,39633519.18,NaN,NaN,0.990838,39518639.59,0.999132,1638
3,4,2,QAM,Ghorbani model,40000000,32000000,0.25,35614918.19,35298182.63,1.00897,0.890373,35880924.18,9.52523,1638
3,4,3,OFDM,Saleh model,40000000,32000000,0.25,39592402.5,NaN,NaN,0.98981,39556888.23,29.3998,1638
4,1,1,OFDM,Saleh model,40000000,32000000,0.25,39464172.2,NaN,NaN,0.986604,39464170.34,-9.2111,1024
4,1,2,OFDM,Lookup table,20000000,16000000,0.25,19877634.55,NaN,NaN,0.993882,19877634.81,21.3229,1024
4,1,3,OFDM,Saleh model,40000000,32000000,0.25,39537040.19,NaN,NaN,0.988426,39537000.55,-5.72756,1024
4,1,4,OFDM,Hyperbolic tangent,40000000,32000000,0.25,39477905.25,NaN,NaN,0.986948,39478030.72,15.9431,1024
4,2,1,OFDM,Saleh model,40000000,32000000,0.25,49593349.82,NaN,NaN,1.23983,49593337.25,-9.02335,1024
4,2,2,OFDM,Lookup table,20000000,16000000,0.25,49276315.71,NaN,NaN,2.46382,49276358.29,21.323,1024
4,2,3,OFDM,Saleh model,40000000,32000000,0.25,49058757.34,NaN,NaN,1.22647,49058702.72,-5.52288,1024
4,2,4,OFDM,Hyperbolic tangent,40000000,32000000,0.25,49559964.58,NaN,NaN,1.239,49559917.76,16.3236,1024
4,5,1,OFDM,Saleh model,40000000,32000000,0.25,39622086.57,NaN,NaN,0.990552,39622123.04,1.02512,1024
4,5,2,OFDM,Lookup table,20000000,16000000,0.25,19958820.84,NaN,NaN,0.997941,19958807.42,9.52516,1024
4,5,3,OFDM,Saleh model,40000000,32000000,0.25,39497389.84,NaN,NaN,0.987435,39497404.94,29.5946,1024
4,5,4,OFDM,Hyperbolic tangent,40000000,32000000,0.25,39645507.18,NaN,NaN,0.991138,39645506.31,12.6347,1024
4,6,1,OFDM,Saleh model,40000000,32000000,0.25,49467785.95,NaN,NaN,1.23669,49467776,1.28268,1024
4,6,2,OFDM,Lookup table,20000000,16000000,0.25,49500211.47,NaN,NaN,2.47501,49500110.23,9.52516,1024
4,6,3,OFDM,Saleh model,40000000,32000000,0.25,49211404.6,NaN,NaN,1.23029,49211480.38,29.8363,1024
4,6,4,OFDM,Hyperbolic tangent,40000000,32000000,0.25,48953615.67,NaN,NaN,1.22384,48953570.28,12.7918,1024
4,9,1,OFDM,Saleh model,40000000,32000000,0.25,39846335.48,NaN,NaN,0.996158,39846369.36,4.72292,1024
4,9,2,OFDM,Lookup table,20000000,16000000,0.25,19994958.4,NaN,NaN,0.999748,19994936.88,21.6935,1024
4,9,3,OFDM,Saleh model,40000000,32000000,0.25,39568085.95,NaN,NaN,0.989202,39568127.58,20.1009,1024
4,9,4,OFDM,Hyperbolic tangent,40000000,32000000,0.25,39572568.34,NaN,NaN,0.989314,39572539.82,23.3771,1024
4,10,1,OFDM,Saleh model,40000000,32000000,0.25,49461047.09,NaN,NaN,1.23653,49461052.72,4.85367,1024
4,10,2,OFDM,Lookup table,20000000,16000000,0.25,49345805.27,NaN,NaN,2.46729,49345729.82,21.6934,1024
4,10,3,OFDM,Saleh model,40000000,32000000,0.25,49166517.67,NaN,NaN,1.22916,49166888.7,20.3693,1024
4,10,4,OFDM,Hyperbolic tangent,40000000,32000000,0.25,49505718.07,NaN,NaN,1.23764,49505657.76,23.5941,1024
4,11,1,OFDM,Saleh model,40000000,32000000,0.25,39464172.2,NaN,NaN,0.986604,39464173.29,26.0153,1024
4,11,2,OFDM,Lookup table,20000000,16000000,0.25,19877634.55,NaN,NaN,0.993882,19877634.53,7.28498,1024
4,11,3,OFDM,Saleh model,40000000,32000000,0.25,39537040.19,NaN,NaN,0.988426,39537004.79,11.8586,1024
4,11,4,OFDM,Hyperbolic tangent,40000000,32000000,0.25,39477905.25,NaN,NaN,0.986948,39477980.67,-6.31512,1024
4,12,1,OFDM,Saleh model,40000000,32000000,0.25,49593349.82,NaN,NaN,1.23983,49593357.17,26.203,1024
4,12,2,OFDM,Lookup table,20000000,16000000,0.25,49276315.71,NaN,NaN,2.46382,49276313.24,7.28498,1024
4,12,3,OFDM,Saleh model,40000000,32000000,0.25,49058757.34,NaN,NaN,1.22647,49058708.53,12.0633,1024
4,12,4,OFDM,Hyperbolic tangent,40000000,32000000,0.25,49559964.58,NaN,NaN,1.239,49559936.45,-5.93465,1024
4,15,1,OFDM,Saleh model,40000000,32000000,0.25,39622086.57,NaN,NaN,0.990552,39622065.21,6.98598,1024
4,15,2,OFDM,Lookup table,20000000,16000000,0.25,19958820.84,NaN,NaN,0.997941,19958821.61,14.5235,1024
4,15,3,OFDM,Saleh model,40000000,32000000,0.25,39497389.84,NaN,NaN,0.987435,39497403.36,11.9972,1024
4,15,4,OFDM,Hyperbolic tangent,40000000,32000000,0.25,39645507.18,NaN,NaN,0.991138,39645506.7,4.06746,1024
4,16,1,OFDM,Saleh model,40000000,32000000,0.25,49467785.95,NaN,NaN,1.23669,49467791.78,7.24354,1024
4,16,2,OFDM,Lookup table,20000000,16000000,0.25,49500211.47,NaN,NaN,2.47501,49500217.34,14.5235,1024
4,16,3,OFDM,Saleh model,40000000,32000000,0.25,49211404.6,NaN,NaN,1.23029,49211472.35,12.2391,1024
4,16,4,OFDM,Hyperbolic tangent,40000000,32000000,0.25,48953615.67,NaN,NaN,1.22384,48953588.39,4.2246,1024
4,19,1,OFDM,Saleh model,40000000,32000000,0.25,39846335.48,NaN,NaN,0.996158,39846315.63,-8.7355,1024
4,19,2,OFDM,Lookup table,20000000,16000000,0.25,19994958.4,NaN,NaN,0.999748,19994959.56,19.9051,1024
4,19,3,OFDM,Saleh model,40000000,32000000,0.25,39568085.95,NaN,NaN,0.989202,39568123.16,20.1997,1024
4,19,4,OFDM,Hyperbolic tangent,40000000,32000000,0.25,39572568.34,NaN,NaN,0.989314,39572551.28,9.58319,1024
4,20,1,OFDM,Saleh model,40000000,32000000,0.25,49461047.09,NaN,NaN,1.23653,49461043.79,-8.60475,1024
4,20,2,OFDM,Lookup table,20000000,16000000,0.25,49345805.27,NaN,NaN,2.46729,49345809.65,19.9051,1024
4,20,3,OFDM,Saleh model,40000000,32000000,0.25,49166517.67,NaN,NaN,1.22916,49166849.26,20.4681,1024
4,20,4,OFDM,Hyperbolic tangent,40000000,32000000,0.25,49505718.07,NaN,NaN,1.23764,49505681.85,9.80036,1024
5,1,1,OFDM,Saleh model,20000000,16000000,0.25,19971744.17,NaN,NaN,0.998587,19971970.03,-9.25719,1024
5,1,2,OFDM,Ghorbani model,20000000,16000000,0.25,20351834.73,NaN,NaN,1.01759,20320334.9,15.8278,1024
5,1,3,QAM,Modified Rapp model,40000000,32000000,0.25,35150348.69,35298182.63,0.995812,0.878759,35150879.59,20.397,1024
5,2,1,OFDM,Saleh model,20000000,16000000,0.25,45630532.49,NaN,NaN,2.28153,45630603.73,-9.25719,819
5,2,2,OFDM,Ghorbani model,20000000,16000000,0.25,49501035.49,NaN,NaN,2.47505,49501320.91,15.8279,819
5,2,3,QAM,Modified Rapp model,40000000,32000000,0.25,35553825.14,35298182.63,1.00724,0.888846,35553481.08,20.3972,819
5,3,1,QAM,Ghorbani model,40000000,32000000,0.25,37075880.73,35298182.63,1.05036,0.926897,36956514.12,-5.93293,307
5,4,1,QAM,Ghorbani model,40000000,32000000,0.25,36530559.1,35298182.63,1.03491,0.913264,36816103.5,-5.93293,1024
5,5,1,QAM,Ghorbani model,40000000,32000000,0.25,36682895.1,35298182.63,1.03923,0.917072,36512963.15,-5.93293,1024
5,6,1,QAM,Saleh model,40000000,32000000,0.25,35280983.79,35298182.63,0.999513,0.882025,35271447.62,21.3296,614
5,6,2,QAM,Ghorbani model,40000000,32000000,0.25,36668776.29,35298182.63,1.03883,0.916719,36668188.59,-5.93293,410
5,7,1,QAM,Saleh model,40000000,32000000,0.25,35223047.4,35298182.63,0.997871,0.880576,35468678.9,21.3297,1024
5,8,1,OFDM,Saleh model,20000000,16000000,0.25,20401577.73,NaN,NaN,1.02008,20400909,0.999119,819
5,8,2,QAM,Saleh model,40000000,32000000,0.25,35356812.76,35298182.63,1.00166,0.88392,35246221.49,21.3297,1024
5,8,3,OFDM,Ghorbani model,20000000,16000000,0.25,20608625.81,NaN,NaN,1.03043,20605780.23,12.4442,819
5,8,4,QAM,Modified Rapp model,40000000,32000000,0.25,35243150.22,35298182.63,0.998441,0.881079,35243519.57,21.4809,819
5,9,1,OFDM,Saleh model,20000000,16000000,0.25,45544570.93,NaN,NaN,2.27723,45545331.46,0.999129,1024
5,9,2,QAM,Saleh model,40000000,32000000,0.25,35969831,35298182.63,1.01903,0.899246,36364222.92,21.3297,102
5,9,3,OFDM,Ghorbani model,20000000,16000000,0.25,49263425.82,NaN,NaN,2.46317,49662733.28,12.4442,1024
5,9,4,QAM,Modified Rapp model,40000000,32000000,0.25,35227286.6,35298182.63,0.997992,0.880682,35227778.28,21.4813,1024
5,10,1,OFDM,Saleh model,20000000,16000000,0.25,19971744.17,NaN,NaN,0.998587,19972254.29,25.9558,1024
5,10,2,OFDM,Ghorbani model,20000000,16000000,0.25,20351834.73,NaN,NaN,1.01759,20366094.87,-6.43242,1024
5,10,3,QAM,Modified Rapp model,40000000,32000000,0.25,35150348.69,35298182.63,0.995812,0.878759,35149697.56,2.745,1024
5,11,1,OFDM,Saleh model,20000000,16000000,0.25,45630532.49,NaN,NaN,2.28153,45630861.93,25.9588,819
5,11,2,OFDM,Ghorbani model,20000000,16000000,0.25,49501035.49,NaN,NaN,2.47505,49541470.38,-6.43242,819
5,11,3,QAM,Modified Rapp model,40000000,32000000,0.25,35553825.14,35298182.63,1.00724,0.888846,35554218.33,2.74501,819
5,12,1,QAM,Ghorbani model,40000000,32000000,0.25,37075880.73,35298182.63,1.05036,0.926897,36804597.99,11.6533,307
5,13,1,QAM,Ghorbani model,40000000,32000000,0.25,36530559.1,35298182.63,1.03491,0.913264,36484215.88,11.6533,1024
5,14,1,QAM,Ghorbani model,40000000,32000000,0.25,36682895.1,35298182.63,1.03923,0.917072,36003094.47,11.6533,1024
5,15,1,QAM,Saleh model,40000000,32000000,0.25,35280983.79,35298182.63,0.999513,0.882025,35219422.86,7.28501,614
5,15,2,QAM,Ghorbani model,40000000,32000000,0.25,36668776.29,35298182.63,1.03883,0.916719,36667654.59,11.6533,410
5,16,1,QAM,Saleh model,40000000,32000000,0.25,35223047.4,35298182.63,0.997871,0.880576,35277722.93,7.28501,1024
5,17,1,OFDM,Saleh model,20000000,16000000,0.25,20401577.73,NaN,NaN,1.02008,20401899.35,6.95994,819
5,17,2,QAM,Saleh model,40000000,32000000,0.25,35356812.76,35298182.63,1.00166,0.88392,35282457.06,7.28501,1024
5,17,3,OFDM,Ghorbani model,20000000,16000000,0.25,20608625.81,NaN,NaN,1.03043,20598856.34,3.87674,819
5,17,4,QAM,Modified Rapp model,40000000,32000000,0.25,35243150.22,35298182.63,0.998441,0.881079,35243815.22,18.3241,819
5,18,1,OFDM,Saleh model,20000000,16000000,0.25,45544570.93,NaN,NaN,2.27723,45544122.22,6.95996,1024
5,18,2,QAM,Saleh model,40000000,32000000,0.25,35969831,35298182.63,1.01903,0.899246,34953256.25,7.28501,102
5,18,3,OFDM,Ghorbani model,20000000,16000000,0.25,49263425.82,NaN,NaN,2.46317,45544532.58,3.87674,1024
5,18,4,QAM,Modified Rapp model,40000000,32000000,0.25,35227286.6,35298182.63,0.997992,0.880682,35228150.48,18.3245,1024
5,19,1,OFDM,Saleh model,20000000,16000000,0.25,19971744.17,NaN,NaN,0.998587,19971725.08,6.03753,1024
5,19,2,OFDM,Ghorbani model,20000000,16000000,0.25,20351834.73,NaN,NaN,1.01759,20296198.69,1.81983,1024
5,19,3,QAM,Modified Rapp model,40000000,32000000,0.25,35150348.69,35298182.63,0.995812,0.878759,35150933.32,3.41197,1024
5,20,1,OFDM,Saleh model,20000000,16000000,0.25,45630532.49,NaN,NaN,2.28153,45630342.36,6.03753,819
5,20,2,OFDM,Ghorbani model,20000000,16000000,0.25,49501035.49,NaN,NaN,2.47505,49416285.92,1.81983,819
5,20,3,QAM,Modified Rapp model,40000000,32000000,0.25,35553825.14,35298182.63,1.00724,0.888846,35553478.97,3.41197,819
5,21,1,QAM,Ghorbani model,40000000,32000000,0.25,37075880.73,35298182.63,1.05036,0.926897,35796148.07,-4.62861,307
5,22,1,QAM,Ghorbani model,40000000,32000000,0.25,36530559.1,35298182.63,1.03491,0.913264,35577335.05,-4.62861,1024
5,23,1,QAM,Ghorbani model,40000000,32000000,0.25,36682895.1,35298182.63,1.03923,0.917072,35998816.66,-4.62861,1024
5,24,1,QAM,Saleh model,40000000,32000000,0.25,35280983.79,35298182.63,0.999513,0.882025,34843877.44,14.5979,614
5,24,2,QAM,Ghorbani model,40000000,32000000,0.25,36668776.29,35298182.63,1.03883,0.916719,36493997.79,-4.62861,410
5,25,1,QAM,Saleh model,40000000,32000000,0.25,35223047.4,35298182.63,0.997871,0.880576,34696611.96,14.5979,1024
5,26,1,OFDM,Saleh model,20000000,16000000,0.25,20401577.73,NaN,NaN,1.02008,20401460.86,8.53636,819
5,26,2,QAM,Saleh model,40000000,32000000,0.25,35356812.76,35298182.63,1.00166,0.88392,34381076.76,14.5979,1024
5,26,3,OFDM,Ghorbani model,20000000,16000000,0.25,20608625.81,NaN,NaN,1.03043,20616703.65,-7.72138,819
5,26,4,QAM,Modified Rapp model,40000000,32000000,0.25,35243150.22,35298182.63,0.998441,0.881079,35244386.32,-2.57972,819
5,27,1,OFDM,Saleh model,20000000,16000000,0.25,45544570.93,NaN,NaN,2.27723,45544648.18,8.53636,1024
5,27,2,QAM,Saleh model,40000000,32000000,0.25,35969831,35298182.63,1.01903,0.899246,33736658.67,14.5979,102
5,27,3,OFDM,Ghorbani model,20000000,16000000,0.25,49263425.82,NaN,NaN,2.46317,49474994.41,-7.72138,1024
5,27,4,QAM,Modified Rapp model,40000000,32000000,0.25,35227286.6,35298182.63,0.997992,0.880682,35228934.03,-2.57972,1024
5,28,1,OFDM,Saleh model,20000000,16000000,0.25,19971744.17,NaN,NaN,0.998587,19971596.87,-5.74423,1024
5,28,2,OFDM,Ghorbani model,20000000,16000000,0.25,20351834.73,NaN,NaN,1.01759,20297164.32,0.255002,1024
5,28,3,QAM,Modified Rapp model,40000000,32000000,0.25,35150348.69,35298182.63,0.995812,0.878759,35149470.1,1.35848,1024
5,29,1,OFDM,Saleh model,20000000,16000000,0.25,45630532.49,NaN,NaN,2.28153,45630236.69,-5.74423,819
5,29,2,OFDM,Ghorbani model,20000000,16000000,0.25,49501035.49,NaN,NaN,2.47505,45498609.28,0.255002,819
5,29,3,QAM,Modified Rapp model,40000000,32000000,0.25,35553825.14,35298182.63,1.00724,0.888846,35554333.74,1.35849,819
5,30,1,QAM,Ghorbani model,40000000,32000000,0.25,37075880.73,35298182.63,1.05036,0.926897,36147794.03,-6.17833,307
5,31,1,QAM,Ghorbani model,40000000,32000000,0.25,36530559.1,35298182.63,1.03491,0.913264,36244511.71,-6.17833,1024
5,32,1,QAM,Ghorbani model,40000000,32000000,0.25,36682895.1,35298182.63,1.03923,0.917072,36465679.13,-6.17833,1024
5,33,1,QAM,Saleh model,40000000,32000000,0.25,35280983.79,35298182.63,0.999513,0.882025,34420089.91,-9.19976,614
5,33,2,QAM,Ghorbani model,40000000,32000000,0.25,36668776.29,35298182.63,1.03883,0.916719,36554430.63,-6.17833,410
5,34,1,QAM,Saleh model,40000000,32000000,0.25,35223047.4,35298182.63,0.997871,0.880576,34690402.19,-9.19976,1024
5,35,1,OFDM,Saleh model,20000000,16000000,0.25,20401577.73,NaN,NaN,1.02008,20401858.05,1.30745,819
5,35,2,QAM,Saleh model,40000000,32000000,0.25,35356812.76,35298182.63,1.00166,0.88392,34498381.54,-9.19976,1024
5,35,3,OFDM,Ghorbani model,20000000,16000000,0.25,20608625.81,NaN,NaN,1.03043,20559682.42,29.7366,819
5,35,4,QAM,Modified Rapp model,40000000,32000000,0.25,35243150.22,35298182.63,0.998441,0.881079,35243169.2,12.7145,819
5,36,1,OFDM,Saleh model,20000000,16000000,0.25,45544570.93,NaN,NaN,2.27723,45544150.13,1.30752,1024
5,36,2,QAM,Saleh model,40000000,32000000,0.25,35969831,35298182.63,1.01903,0.899246,34740489.34,-9.19976,102
5,36,3,OFDM,Ghorbani model,20000000,16000000,0.25,49263425.82,NaN,NaN,2.46317,49397671.09,29.7404,1024
5,36,4,QAM,Modified Rapp model,40000000,32000000,0.25,35227286.6,35298182.63,0.997992,0.880682,35227315.32,12.7147,1024
6,1,1,DSBAM,Hyperbolic tangent,25000,20000,0.25,1101181.937,NaN,NaN,44.0473,1106720.482,-9.25719,1012
6,1,2,DSBAM,Lookup table,25000,20000,0.25,1041031.45,NaN,NaN,41.6413,1058502.268,21.3277,1012
6,1,3,FM,Cubic polynomial,200000,159744.4089,0.25,1038028.371,NaN,NaN,5.19014,1046727.501,15.8282,1024
6,1,4,DSBAM,Lookup table,25000,20000,0.25,1019624.967,NaN,NaN,40.785,1086074.626,20.3972,1012
6,2,1,DSBAM,Hyperbolic tangent,25000,20000,0.25,2110958.655,NaN,NaN,84.4383,2125806.325,-9.25719,614
6,2,2,DSBAM,Lookup table,25000,20000,0.25,2093610.55,NaN,NaN,83.7444,2101213.914,21.3283,614
6,2,3,FM,Cubic polynomial,200000,159744.4089,0.25,1038222.762,NaN,NaN,5.19111,1047301.057,15.8283,1024
6,2,4,DSBAM,Lookup table,25000,20000,0.25,2094623.063,NaN,NaN,83.7849,2112950.45,20.3973,614
6,3,1,FM,Lookup table,12500,10000,0.25,2101547.608,NaN,NaN,168.124,2463762.722,-5.93294,972
6,3,2,FM,Cubic polynomial,200000,159744.4089,0.25,1038034.404,NaN,NaN,5.19017,1048509.168,15.8283,1024
6,4,1,DSBAM,Hyperbolic tangent,25000,20000,0.25,2110385.102,NaN,NaN,84.4154,2269638.725,0.999128,819
6,4,2,DSBAM,Lookup table,25000,20000,0.25,2093317.974,NaN,NaN,83.7327,2114106.349,9.52523,819
6,4,3,FM,Lookup table,12500,10000,0.25,1096657.634,NaN,NaN,87.7326,3013570.098,-5.93294,1024
6,4,4,FM,Cubic polynomial,200000,159744.4089,0.25,1038065.431,NaN,NaN,5.19033,1048963.818,15.8283,1024
6,4,5,DSBAM,Lookup table,25000,20000,0.25,2094332.899,NaN,NaN,83.7733,2097053.476,21.4809,819
6,5,1,DSBAM,Hyperbolic tangent,25000,20000,0.25,2110373.639,NaN,NaN,84.4149,2270567.486,0.999128,819
6,5,2,DSBAM,Lookup table,25000,20000,0.25,2093318.017,NaN,NaN,83.7327,2114053.747,9.52523,819
6,5,3,FM,Lookup table,12500,10000,0.25,1096657.297,NaN,NaN,87.7326,3045072.588,-5.93294,1024
6,5,4,FM,Cubic polynomial,200000,159744.4089,0.25,1038419.614,NaN,NaN,5.1921,1049495.221,15.8283,1024
6,5,5,DSBAM,Lookup table,25000,20000,0.25,2094332.779,NaN,NaN,83.7733,2097065.158,21.4809,819
6,6,1,FM,Lookup table,12500,10000,0.25,1096657.205,NaN,NaN,87.7326,3075763.866,-5.93294,1024
6,6,2,FM,Cubic polynomial,200000,159744.4089,0.25,1038189.699,NaN,NaN,5.19095,1050496.934,15.8283,1024
6,7,1,DSBAM,Hyperbolic tangent,25000,20000,0.25,2110953.603,NaN,NaN,84.4381,2125273.456,4.67933,614
6,7,2,DSBAM,Lookup table,25000,20000,0.25,2093610.55,NaN,NaN,83.7444,2097856.807,21.6937,614
6,7,3,FM,Lookup table,12500,10000,0.25,1096656.103,NaN,NaN,87.7325,3107709.051,-5.93294,1024
6,7,4,FM,Cubic polynomial,200000,159744.4089,0.25,1038207.384,NaN,NaN,5.19104,1051335.965,15.8283,1024
6,7,5,DSBAM,Lookup table,25000,20000,0.25,2094623.105,NaN,NaN,83.7849,2122262.916,1.44912,614
6,8,1,DSBAM,Hyperbolic tangent,25000,20000,0.25,1101183.38,NaN,NaN,44.0473,1107939.329,4.67933,1012
6,8,2,DSBAM,Lookup table,25000,20000,0.25,1041033.035,NaN,NaN,41.6413,1045805.614,21.6935,1012
6,8,3,FM,Lookup table,12500,10000,0.25,1096657.234,NaN,NaN,87.7326,3143326.92,-5.93294,1024
6,8,4,FM,Cubic polynomial,200000,159744.4089,0.25,1038131.389,NaN,NaN,5.19066,1052383.453,15.8283,1024
6,8,5,DSBAM,Lookup table,25000,20000,0.25,1019624.652,NaN,NaN,40.785,1114096.34,1.44912,1012
6,9,1,DSBAM,Hyperbolic tangent,25000,20000,0.25,1101181.937,NaN,NaN,44.0473,1119054.653,25.9646,1012
6,9,2,DSBAM,Lookup table,25000,20000,0.25,1041031.45,NaN,NaN,41.6413,1113839.188,7.28481,1012
6,9,3,FM,Cubic polynomial,200000,159744.4089,0.25,1038028.371,NaN,NaN,5.19014,1114484.422,-6.43242,1024
6,9,4,DSBAM,Lookup table,25000,20000,0.25,1019624.967,NaN,NaN,40.785,1026734.745,2.74499,1012
6,10,1,DSBAM,Hyperbolic tangent,25000,20000,0.25,2110958.655,NaN,NaN,84.4383,2154812.581,25.9645,614
6,10,2,DSBAM,Lookup table,25000,20000,0.25,2093610.55,NaN,NaN,83.7444,2135105.634,7.28481,614
6,10,3,FM,Cubic polynomial,200000,159744.4089,0.25,1038222.762,NaN,NaN,5.19111,1114366.321,-6.43242,1024
6,10,4,DSBAM,Lookup table,25000,20000,0.25,2094623.063,NaN,NaN,83.7849,2097282.027,2.74499,614
6,11,1,FM,Lookup table,12500,10000,0.25,2101547.608,NaN,NaN,168.124,2129577.859,11.6514,972
6,11,2,FM,Cubic polynomial,200000,159744.4089,0.25,1038034.404,NaN,NaN,5.19017,1115023.049,-6.43242,1024
6,12,1,DSBAM,Hyperbolic tangent,25000,20000,0.25,2110385.102,NaN,NaN,84.4154,2135982.286,6.95995,819
6,12,2,DSBAM,Lookup table,25000,20000,0.25,2093317.974,NaN,NaN,83.7327,2093833.086,14.52,819
6,12,3,FM,Lookup table,12500,10000,0.25,1096657.634,NaN,NaN,87.7326,1118513.476,11.6511,1024
6,12,4,FM,Cubic polynomial,200000,159744.4089,0.25,1038065.431,NaN,NaN,5.19033,1114501.95,-6.43242,1024
6,12,5,DSBAM,Lookup table,25000,20000,0.25,2094332.899,NaN,NaN,83.7733,2113658.964,18.3243,819
6,13,1,DSBAM,Hyperbolic tangent,25000,20000,0.25,2110373.639,NaN,NaN,84.4149,2136012.433,6.95995,819
6,13,2,DSBAM,Lookup table,25000,20000,0.25,2093318.017,NaN,NaN,83.7327,2093834.01,14.5201,819
6,13,3,FM,Lookup table,12500,10000,0.25,1096657.297,NaN,NaN,87.7326,1118599.014,11.6512,1024
6,13,4,FM,Cubic polynomial,200000,159744.4089,0.25,1038419.614,NaN,NaN,5.1921,1114297.172,-6.43242,1024
6,13,5,DSBAM,Lookup table,25000,20000,0.25,2094332.779,NaN,NaN,83.7733,2113624.367,18.3243,819
6,14,1,FM,Lookup table,12500,10000,0.25,1096657.205,NaN,NaN,87.7326,1118690.852,11.6513,1024
6,14,2,FM,Cubic polynomial,200000,159744.4089,0.25,1038189.699,NaN,NaN,5.19095,1114417.624,-6.43242,1024
6,15,1,DSBAM,Hyperbolic tangent,25000,20000,0.25,2110953.603,NaN,NaN,84.4381,2137402.292,-8.77909,614
6,15,2,DSBAM,Lookup table,25000,20000,0.25,2093610.55,NaN,NaN,83.7444,2107547.646,19.908,614
6,15,3,FM,Lookup table,12500,10000,0.25,1096656.103,NaN,NaN,87.7325,1118781.151,11.651,1024
6,15,4,FM,Cubic polynomial,200000,159744.4089,0.25,1038207.384,NaN,NaN,5.19104,1114482.763,-6.43242,1024
6,15,5,DSBAM,Lookup table,25000,20000,0.25,2094623.105,NaN,NaN,83.7849,2098204.697,18.8498,614
6,16,1,DSBAM,Hyperbolic tangent,25000,20000,0.25,1101183.38,NaN,NaN,44.0473,1112005.211,-8.77909,1012
6,16,2,DSBAM,Lookup table,25000,20000,0.25,1041033.035,NaN,NaN,41.6413,1065531.102,19.9079,1012
6,16,3,FM,Lookup table,12500,10000,0.25,1096657.234,NaN,NaN,87.7326,1118871.979,11.6509,1024
6,16,4,FM,Cubic polynomial,200000,159744.4089,0.25,1038131.389,NaN,NaN,5.19066,1114725.925,-6.43242,1024
6,16,5,DSBAM,Lookup table,25000,20000,0.25,1019624.652,NaN,NaN,40.785,1024756.33,18.8497,1012
6,17,1,DSBAM,Hyperbolic tangent,25000,20000,0.25,1101181.937,NaN,NaN,44.0473,1121333.828,6.03752,1012
6,17,2,DSBAM,Lookup table,25000,20000,0.25,1041031.45,NaN,NaN,41.6413,1261005.383,14.5908,1012
6,17,3,FM,Cubic polynomial,200000,159744.4089,0.25,1038028.371,NaN,NaN,5.19014,1064769.287,1.81983,1024
6,17,4,DSBAM,Lookup table,25000,20000,0.25,1019624.967,NaN,NaN,40.785,1078756.7,3.41197,1012
6,18,1,DSBAM,Hyperbolic tangent,25000,20000,0.25,2110958.655,NaN,NaN,84.4383,2157219.805,6.03752,614
6,18,2,DSBAM,Lookup table,25000,20000,0.25,2093610.55,NaN,NaN,83.7444,2214566.317,14.5918,614
6,18,3,FM,Cubic polynomial,200000,159744.4089,0.25,1038222.762,NaN,NaN,5.19111,1064720.518,1.81983,1024
6,18,4,DSBAM,Lookup table,25000,20000,0.25,2094623.063,NaN,NaN,83.7849,2108805.608,3.41197,614
6,19,1,FM,Lookup table,12500,10000,0.25,2101547.608,NaN,NaN,168.124,4346373.43,-4.62881,972
6,19,2,FM,Cubic polynomial,200000,159744.4089,0.25,1038034.404,NaN,NaN,5.19017,1064791.551,1.81983,1024
6,20,1,DSBAM,Hyperbolic tangent,25000,20000,0.25,2110385.102,NaN,NaN,84.4154,2141203.347,8.53637,819
6,20,2,DSBAM,Lookup table,25000,20000,0.25,2093317.974,NaN,NaN,83.7327,2096196.046,10.4398,819
6,20,3,FM,Lookup table,12500,10000,0.25,1096657.634,NaN,NaN,87.7326,6775129.156,-4.62885,1024
6,20,4,FM,Cubic polynomial,200000,159744.4089,0.25,1038065.431,NaN,NaN,5.19033,1065037.35,1.81983,1024
6,20,5,DSBAM,Lookup table,25000,20000,0.25,2094332.899,NaN,NaN,83.7733,2115869.413,-2.5797,819
6,21,1,DSBAM,Hyperbolic tangent,25000,20000,0.25,2110373.639,NaN,NaN,84.4149,2141057.714,8.53637,819
6,21,2,DSBAM,Lookup table,25000,20000,0.25,2093318.017,NaN,NaN,83.7327,2096150.632,10.4398,819
6,21,3,FM,Lookup table,12500,10000,0.25,1096657.297,NaN,NaN,87.7326,6774363.626,-4.62884,1024
6,21,4,FM,Cubic polynomial,200000,159744.4089,0.25,1038419.614,NaN,NaN,5.1921,1064944.979,1.81983,1024
6,21,5,DSBAM,Lookup table,25000,20000,0.25,2094332.779,NaN,NaN,83.7733,2115767.87,-2.5797,819
6,22,1,FM,Lookup table,12500,10000,0.25,1096657.205,NaN,NaN,87.7326,6773773.32,-4.62883,1024
6,22,2,FM,Cubic polynomial,200000,159744.4089,0.25,1038189.699,NaN,NaN,5.19095,1065255.766,1.81983,1024
6,23,1,DSBAM,Hyperbolic tangent,25000,20000,0.25,2110953.603,NaN,NaN,84.4381,2157985.793,21.5262,614
6,23,2,DSBAM,Lookup table,25000,20000,0.25,2093610.55,NaN,NaN,83.7444,2097585.785,26.0005,614
6,23,3,FM,Lookup table,12500,10000,0.25,1096656.103,NaN,NaN,87.7325,6772491.999,-4.62883,1024
6,23,4,FM,Cubic polynomial,200000,159744.4089,0.25,1038207.384,NaN,NaN,5.19104,1065341.953,1.81983,1024
6,23,5,DSBAM,Lookup table,25000,20000,0.25,2094623.105,NaN,NaN,83.7849,2121972.311,-7.68937,614
6,24,1,DSBAM,Hyperbolic tangent,25000,20000,0.25,1101183.38,NaN,NaN,44.0473,1121571.27,21.5261,1012
6,24,2,DSBAM,Lookup table,25000,20000,0.25,1041033.035,NaN,NaN,41.6413,1036235.21,25.9969,1012
6,24,3,FM,Lookup table,12500,10000,0.25,1096657.234,NaN,NaN,87.7326,6772229.511,-4.62886,1024
6,24,4,FM,Cubic polynomial,200000,159744.4089,0.25,1038131.389,NaN,NaN,5.19066,1065396.917,1.81983,1024
6,24,5,DSBAM,Lookup table,25000,20000,0.25,1019624.652,NaN,NaN,40.785,1115971.062,-7.68937,1012
6,25,1,DSBAM,Hyperbolic tangent,25000,20000,0.25,1101181.937,NaN,NaN,44.0473,1116797.24,-5.74423,1012
6,25,2,DSBAM,Lookup table,25000,20000,0.25,1041031.45,NaN,NaN,41.6413,1053003.8,-9.19977,1012
6,25,3,FM,Cubic polynomial,200000,159744.4089,0.25,1038028.371,NaN,NaN,5.19014,4511262.682,0.254999,1024
6,25,4,DSBAM,Lookup table,25000,20000,0.25,1019624.967,NaN,NaN,40.785,1103607.091,1.35851,1012
6,26,1,DSBAM,Hyperbolic tangent,25000,20000,0.25,2110958.655,NaN,NaN,84.4383,2146835.99,-5.74423,614
6,26,2,DSBAM,Lookup table,25000,20000,0.25,2093610.55,NaN,NaN,83.7444,2097219.734,-9.19977,614
6,26,3,FM,Cubic polynomial,200000,159744.4089,0.25,1038222.762,NaN,NaN,5.19111,4573660.096,0.255,1024
6,26,4,DSBAM,Lookup table,25000,20000,0.25,2094623.063,NaN,NaN,83.7849,2117022.403,1.35851,614
6,27,1,FM,Lookup table,12500,10000,0.25,2101547.608,NaN,NaN,168.124,2112573.803,-6.17833,972
6,27,2,FM,Cubic polynomial,200000,159744.4089,0.25,1038034.404,NaN,NaN,5.19017,4650051.829,0.255002,1024
6,28,1,DSBAM,Hyperbolic tangent,25000,20000,0.25,2110385.102,NaN,NaN,84.4154,2156605.87,1.30753,819
6,28,2,DSBAM,Lookup table,25000,20000,0.25,2093317.974,NaN,NaN,83.7327,2096622.549,8.53924,819
6,28,3,FM,Lookup table,12500,10000,0.25,1096657.634,NaN,NaN,87.7326,1105718.059,-6.17833,1024
6,28,4,FM,Cubic polynomial,200000,159744.4089,0.25,1038065.431,NaN,NaN,5.19033,4716120.091,0.255001,1024
6,28,5,DSBAM,Lookup table,25000,20000,0.25,2094332.899,NaN,NaN,83.7733,2114727.611,12.7148,819
6,29,1,DSBAM,Hyperbolic tangent,25000,20000,0.25,2110373.639,NaN,NaN,84.4149,2158441.245,1.30753,819
6,29,2,DSBAM,Lookup table,25000,20000,0.25,2093318.017,NaN,NaN,83.7327,2096636.024,8.53924,819
6,29,3,FM,Lookup table,12500,10000,0.25,1096657.297,NaN,NaN,87.7326,1105717.855,-6.17833,1024
6,29,4,FM,Cubic polynomial,200000,159744.4089,0.25,1038419.614,NaN,NaN,5.1921,4758185.34,0.255001,1024
6,29,5,DSBAM,Lookup table,25000,20000,0.25,2094332.779,NaN,NaN,83.7733,2114834.174,12.7148,819
6,30,1,FM,Lookup table,12500,10000,0.25,1096657.205,NaN,NaN,87.7326,1105718.276,-6.17833,1024
6,30,2,FM,Cubic polynomial,200000,159744.4089,0.25,1038189.699,NaN,NaN,5.19095,4845812.205,0.255002,1024
6,31,1,DSBAM,Hyperbolic tangent,25000,20000,0.25,2110953.603,NaN,NaN,84.4381,2226241.623,19.0434,614
6,31,2,DSBAM,Lookup table,25000,20000,0.25,2093610.55,NaN,NaN,83.7444,2122688.858,-7.45206,614
6,31,3,FM,Lookup table,12500,10000,0.25,1096656.103,NaN,NaN,87.7325,1105717.799,-6.17833,1024
6,31,4,FM,Cubic polynomial,200000,159744.4089,0.25,1038207.384,NaN,NaN,5.19104,4913043.794,0.255001,1024
6,31,5,DSBAM,Lookup table,25000,20000,0.25,2094623.105,NaN,NaN,83.7849,2301788.022,22.8499,614
6,32,1,DSBAM,Hyperbolic tangent,25000,20000,0.25,1101183.38,NaN,NaN,44.0473,1149705.611,19.0434,1012
6,32,2,DSBAM,Lookup table,25000,20000,0.25,1041033.035,NaN,NaN,41.6413,1095853.82,-7.45206,1012
6,32,3,FM,Lookup table,12500,10000,0.25,1096657.234,NaN,NaN,87.7326,1105719.88,-6.17833,1024
6,32,4,FM,Cubic polynomial,200000,159744.4089,0.25,1038131.389,NaN,NaN,5.19066,4983735.608,0.255001,1024
6,32,5,DSBAM,Lookup table,25000,20000,0.25,1019624.652,NaN,NaN,40.785,1329666.289,22.849,1012
7,1,1,OFDM,Ghorbani model,20000000,16000000,0.25,20854658.74,NaN,NaN,1.04273,20854690.69,-8.73021,424
7,1,2,OFDM,Modified Rapp model,20000000,16000000,0.25,19846911.93,NaN,NaN,0.992346,19846916,22.5018,1024
7,2,1,OFDM,Ghorbani model,20000000,16000000,0.25,41486841.74,NaN,NaN,2.07434,41486792.09,-8.8214,1024
7,2,2,OFDM,Modified Rapp model,20000000,16000000,0.25,45692199.57,NaN,NaN,2.28461,45692168.33,22.3504,819
7,3,1,OFDM,Ghorbani model,20000000,16000000,0.25,41482914.24,NaN,NaN,2.07415,41482928.94,-8.76496,1024
7,4,1,OFDM,Ghorbani model,20000000,16000000,0.25,41502395.61,NaN,NaN,2.07512,41502378.91,-8.84988,1024
7,4,2,OFDM,Modified Rapp model,20000000,16000000,0.25,20294495.25,NaN,NaN,1.01472,20294406.98,10.3364,410
7,5,1,OFDM,Ghorbani model,20000000,16000000,0.25,41542263.73,NaN,NaN,2.07711,41542276.2,-8.88594,1024
7,5,2,OFDM,Modified Rapp model,20000000,16000000,0.25,45690167.13,NaN,NaN,2.28451,45690131.44,10.476,1024
7,6,1,OFDM,Ghorbani model,20000000,16000000,0.25,41334776.63,NaN,NaN,2.06674,41334830.51,-8.97237,1024
7,6,2,OFDM,Modified Rapp model,20000000,16000000,0.25,45866530.26,NaN,NaN,2.29333,45866567.36,10.2615,410
7,7,1,OFDM,Ghorbani model,20000000,16000000,0.25,41487854.05,NaN,NaN,2.07439,41487846.53,-9.01307,1024
7,8,1,OFDM,Ghorbani model,20000000,16000000,0.25,41910866.62,NaN,NaN,2.09554,41910894.69,-8.96219,805
7,8,2,OFDM,Modified Rapp model,20000000,16000000,0.25,20375461.14,NaN,NaN,1.01877,20375469.99,22.6976,819
7,9,1,OFDM,Modified Rapp model,20000000,16000000,0.25,45564243.32,NaN,NaN,2.27821,45564252.78,22.8431,1024
7,10,1,OFDM,Ghorbani model,20000000,16000000,0.25,20854658.74,NaN,NaN,1.04273,20854697.05,26.4961,424
7,10,2,OFDM,Modified Rapp model,20000000,16000000,0.25,19846911.93,NaN,NaN,0.992346,19846916.66,8.45725,1024
7,11,1,OFDM,Ghorbani model,20000000,16000000,0.25,41486841.74,NaN,NaN,2.07434,41486782.04,26.4049,1024
7,11,2,OFDM,Modified Rapp model,20000000,16000000,0.25,45692199.57,NaN,NaN,2.28461,45692163.08,8.30592,819
7,12,1,OFDM,Ghorbani model,20000000,16000000,0.25,41482914.24,NaN,NaN,2.07415,41482931.88,26.4615,1024
7,13,1,OFDM,Ghorbani model,20000000,16000000,0.25,41502395.61,NaN,NaN,2.07512,41502375.51,26.3765,1024
7,13,2,OFDM,Modified Rapp model,20000000,16000000,0.25,20294495.25,NaN,NaN,1.01472,20294392.16,15.3348,410
7,14,1,OFDM,Ghorbani model,20000000,16000000,0.25,41542263.73,NaN,NaN,2.07711,41542278.68,26.3403,1024
7,14,2,OFDM,Modified Rapp model,20000000,16000000,0.25,45690167.13,NaN,NaN,2.28451,45690125.45,15.4745,1024
7,15,1,OFDM,Ghorbani model,20000000,16000000,0.25,41334776.63,NaN,NaN,2.06674,41334841.31,26.254,1024
7,15,2,OFDM,Modified Rapp model,20000000,16000000,0.25,45866530.26,NaN,NaN,2.29333,45866573.57,15.2599,410
7,16,1,OFDM,Ghorbani model,20000000,16000000,0.25,41487854.05,NaN,NaN,2.07439,41487844.99,26.2133,1024
7,17,1,OFDM,Ghorbani model,20000000,16000000,0.25,41910866.62,NaN,NaN,2.09554,41910900.33,26.2641,805
7,17,2,OFDM,Modified Rapp model,20000000,16000000,0.25,20375461.14,NaN,NaN,1.01877,20375471.46,20.9126,819
7,18,1,OFDM,Modified Rapp model,20000000,16000000,0.25,45564243.32,NaN,NaN,2.27821,45564254.36,21.0579,1024
7,19,1,OFDM,Ghorbani model,20000000,16000000,0.25,20854658.74,NaN,NaN,1.04273,20854685.33,6.56452,424
7,19,2,OFDM,Modified Rapp model,20000000,16000000,0.25,19846911.93,NaN,NaN,0.992346,19846917.33,15.7702,1024
7,20,1,OFDM,Ghorbani model,20000000,16000000,0.25,41486841.74,NaN,NaN,2.07434,41486800.52,6.47332,1024
7,20,2,OFDM,Modified Rapp model,20000000,16000000,0.25,45692199.57,NaN,NaN,2.28461,45692157.6,15.6188,819
7,21,1,OFDM,Ghorbani model,20000000,16000000,0.25,41482914.24,NaN,NaN,2.07415,41482926.47,6.52977,1024
7,22,1,OFDM,Ghorbani model,20000000,16000000,0.25,41502395.61,NaN,NaN,2.07512,41502381.76,6.44485,1024
7,22,2,OFDM,Modified Rapp model,20000000,16000000,0.25,20294495.25,NaN,NaN,1.01472,20294376.67,11.2515,410
7,23,1,OFDM,Ghorbani model,20000000,16000000,0.25,41542263.73,NaN,NaN,2.07711,41542274.11,6.40878,1024
7,23,2,OFDM,Modified Rapp model,20000000,16000000,0.25,45690167.13,NaN,NaN,2.28451,45690119.18,11.3911,1024
7,24,1,OFDM,Ghorbani model,20000000,16000000,0.25,41334776.63,NaN,NaN,2.06674,41334821.43,6.32236,1024
7,24,2,OFDM,Modified Rapp model,20000000,16000000,0.25,45866530.26,NaN,NaN,2.29333,45866580.05,11.1766,410
7,25,1,OFDM,Ghorbani model,20000000,16000000,0.25,41487854.05,NaN,NaN,2.07439,41487847.82,6.28166,1024
7,26,1,OFDM,Ghorbani model,20000000,16000000,0.25,41910866.62,NaN,NaN,2.09554,41910889.96,6.33253,805
7,26,2,OFDM,Modified Rapp model,20000000,16000000,0.25,20375461.14,NaN,NaN,1.01877,20375472.98,27.0355,819
7,27,1,OFDM,Modified Rapp model,20000000,16000000,0.25,45564243.32,NaN,NaN,2.27821,45564256.02,27.1808,1024
7,28,1,OFDM,Ghorbani model,20000000,16000000,0.25,20854658.74,NaN,NaN,1.04273,20854620.16,-5.21725,424
7,28,2,OFDM,Modified Rapp model,20000000,16000000,0.25,19846911.93,NaN,NaN,0.992346,19846905.91,-8.02753,1024
7,29,1,OFDM,Ghorbani model,20000000,16000000,0.25,41486841.74,NaN,NaN,2.07434,41486899.94,-5.30844,1024
7,29,2,OFDM,Modified Rapp model,20000000,16000000,0.25,45692199.57,NaN,NaN,2.28461,45692241.44,-8.17885,819
7,30,1,OFDM,Ghorbani model,20000000,16000000,0.25,41482914.24,NaN,NaN,2.07415,41482896.58,-5.252,1024
7,31,1,OFDM,Ghorbani model,20000000,16000000,0.25,41502395.61,NaN,NaN,2.07512,41502414.96,-5.33692,1024
7,31,2,OFDM,Modified Rapp model,20000000,16000000,0.25,20294495.25,NaN,NaN,1.01472,20294613.73,9.35041,410
7,32,1,OFDM,Ghorbani model,20000000,16000000,0.25,41542263.73,NaN,NaN,2.07711,41542248.67,-5.37298,1024
7,32,2,OFDM,Modified Rapp model,20000000,16000000,0.25,45690167.13,NaN,NaN,2.28451,45690214.98,9.49006,1024
7,33,1,OFDM,Ghorbani model,20000000,16000000,0.25,41334776.63,NaN,NaN,2.06674,41334712.33,-5.4594,1024
7,33,2,OFDM,Modified Rapp model,20000000,16000000,0.25,45866530.26,NaN,NaN,2.29333,45866480.09,9.27548,410
7,34,1,OFDM,Ghorbani model,20000000,16000000,0.25,41487854.05,NaN,NaN,2.07439,41487862.66,-5.50011,1024
7,35,1,OFDM,Ghorbani model,20000000,16000000,0.25,41910866.62,NaN,NaN,2.09554,41910833.17,-5.44923,805
7,35,2,OFDM,Modified Rapp model,20000000,16000000,0.25,20375461.14,NaN,NaN,1.01877,20375448.93,-6.44892,819
7,36,1,OFDM,Modified Rapp model,20000000,16000000,0.25,45564243.32,NaN,NaN,2.27821,45564230.52,-6.30358,1024
8,1,1,GFSK,Cubic polynomial,25000,20000,0.25,1079894.98,NaN,NaN,43.1958,1079917.734,-9.25724,962
8,1,2,FSK,Cubic polynomial,100000,80000,0.25,1037914.575,NaN,NaN,10.3791,1038036.702,21.1193,1024
8,1,3,QAM,Modified Rapp model,25000,20000,0.25,2086993.384,22061.36414,94.5995,83.4797,2086245.45,-5.93293,706
8,1,4,GFSK,Ghorbani model,25000,20000,0.25,1029647.326,NaN,NaN,41.1859,1028992.958,15.8249,962
8,1,5,QAM,Modified Rapp model,12500,10000,0.25,1019622.073,11030.68207,92.4351,81.5698,1016325.873,20.3972,1000
8,1,6,GFSK,Saleh model,100000,80000,0.25,1112654.413,NaN,NaN,11.1265,1112646.131,6.40314,1024
8,1,7,GFSK,Saleh model,25000,20000,0.25,1024923.576,NaN,NaN,40.9969,1024943.407,18.1553,962
8,1,8,FSK,Cubic polynomial,100000,80000,0.25,1164537.583,NaN,NaN,11.6454,1164889.495,21.5639,1024
8,2,1,GFSK,Cubic polynomial,25000,20000,0.25,2091098.464,NaN,NaN,83.6439,2091087.974,-9.25723,577
8,2,2,FSK,Cubic polynomial,100000,80000,0.25,2112898.744,NaN,NaN,21.129,2112877.348,21.138,614
8,2,3,QAM,Modified Rapp model,25000,20000,0.25,1082222.776,22061.36414,49.0551,43.2889,1078514.552,-5.93293,962
8,2,4,GFSK,Ghorbani model,25000,20000,0.25,2094738.52,NaN,NaN,83.7895,2094681.346,15.8248,577
8,2,5,QAM,Modified Rapp model,12500,10000,0.25,2094475.703,11030.68207,189.877,167.558,2094464.364,20.3975,600
8,2,6,GFSK,Saleh model,100000,80000,0.25,2113960.736,NaN,NaN,21.1396,2114006.837,6.4122,614
8,2,7,GFSK,Saleh model,25000,20000,0.25,2094578.26,NaN,NaN,83.7831,2094575.677,18.1554,577
8,2,8,FSK,Cubic polynomial,100000,80000,0.25,2094720.032,NaN,NaN,20.9472,2094737.85,21.8183,614
8,3,1,QAM,Modified Rapp model,25000,20000,0.25,1079416.509,22061.36414,48.9279,43.1767,1077807.005,-5.93293,962
8,4,1,GFSK,Cubic polynomial,25000,20000,0.25,2090226.988,NaN,NaN,83.6091,2090224.995,0.991547,770
8,4,2,FSK,Cubic polynomial,100000,80000,0.25,2107426.114,NaN,NaN,21.0743,2107455.814,9.51833,782
8,4,3,QAM,Modified Rapp model,25000,20000,0.25,1080047.036,22061.36414,48.9565,43.2019,1078606.676,-5.93293,962
8,4,4,GFSK,Ghorbani model,25000,20000,0.25,2093676.442,NaN,NaN,83.7471,2093668.578,12.444,770
8,4,5,QAM,Modified Rapp model,12500,10000,0.25,2094217.852,11030.68207,189.854,167.537,2094211.195,21.4805,800
8,4,6,GFSK,Saleh model,100000,80000,0.25,2112320.34,NaN,NaN,21.1232,2112308.404,8.18448,782
8,4,7,GFSK,Saleh model,25000,20000,0.25,2093831.017,NaN,NaN,83.7532,2093834.942,-0.696141,770
8,4,8,FSK,Cubic polynomial,100000,80000,0.25,2126462.754,NaN,NaN,21.2646,2126474.018,-9.5238,782
8,5,1,GFSK,Cubic polynomial,25000,20000,0.25,2087223.085,NaN,NaN,83.4889,2087224.923,0.997073,770
8,5,2,FSK,Cubic polynomial,100000,80000,0.25,2107505.109,NaN,NaN,21.0751,2107534.765,9.52342,782
8,5,3,QAM,Modified Rapp model,25000,20000,0.25,1080750.036,22061.36414,48.9884,43.23,1081306.87,-5.93293,962
8,5,4,GFSK,Ghorbani model,25000,20000,0.25,2093921.849,NaN,NaN,83.7569,2093920.522,12.4441,770
8,5,5,QAM,Modified Rapp model,12500,10000,0.25,2094177.929,11030.68207,189.85,167.534,2093873.549,21.4808,800
8,5,6,GFSK,Saleh model,100000,80000,0.25,2112367.273,NaN,NaN,21.1237,2112355.444,8.20993,782
8,5,7,GFSK,Saleh model,25000,20000,0.25,2094013.337,NaN,NaN,83.7605,2094017.984,-0.696139,770
8,5,8,FSK,Cubic polynomial,100000,80000,0.25,2094839.968,NaN,NaN,20.9484,2094843.674,-9.52361,782
8,6,1,QAM,Modified Rapp model,25000,20000,0.25,1080096.592,22061.36414,48.9587,43.2039,1079589.224,-5.93293,962
8,7,1,GFSK,Cubic polynomial,25000,20000,0.25,2087652.705,NaN,NaN,83.5061,2087662.207,4.66415,577
8,7,2,FSK,Cubic polynomial,100000,80000,0.25,2112852.097,NaN,NaN,21.1285,2112863.475,20.9982,614
8,7,3,QAM,Modified Rapp model,25000,20000,0.25,2087518.423,22061.36414,94.6233,83.5007,2087562.077,-5.93293,727
8,7,4,GFSK,Ghorbani model,25000,20000,0.25,2094439.599,NaN,NaN,83.7776,2094432.919,23.2647,577
8,7,5,QAM,Modified Rapp model,12500,10000,0.25,2094165.432,11030.68207,189.849,167.533,2094233.585,1.44911,600
8,7,6,GFSK,Saleh model,100000,80000,0.25,2113989.4,NaN,NaN,21.1399,2113994.303,19.6635,614
8,7,7,GFSK,Saleh model,25000,20000,0.25,2094558.027,NaN,NaN,83.7823,2094557.806,-4.92916,577
8,7,8,FSK,Cubic polynomial,100000,80000,0.25,2093859.431,NaN,NaN,20.9386,2094087.45,-0.0448119,614
8,8,1,GFSK,Cubic polynomial,25000,20000,0.25,1061928.594,NaN,NaN,42.4771,1061881.735,4.66795,962
8,8,2,FSK,Cubic polynomial,100000,80000,0.25,1084167.817,NaN,NaN,10.8417,1084492.921,21.1986,1024
8,8,3,GFSK,Ghorbani model,25000,20000,0.25,1018996.457,NaN,NaN,40.7599,1019032.353,23.2647,962
8,8,4,QAM,Modified Rapp model,12500,10000,0.25,1020452.486,11030.68207,92.5104,81.6362,1020590.138,1.44912,1000
8,8,5,GFSK,Saleh model,100000,80000,0.25,1100439.492,NaN,NaN,11.0044,1100453.395,20.4229,1024
8,8,6,GFSK,Saleh model,25000,20000,0.25,1018558.57,NaN,NaN,40.7423,1018566.623,-4.92916,962
8,8,7,FSK,Cubic polynomial,100000,80000,0.25,1090478.937,NaN,NaN,10.9048,1090592.755,-0.00103822,1024
8,9,1,GFSK,Cubic polynomial,25000,20000,0.25,1079894.98,NaN,NaN,43.1958,1079734.651,24.686,962
8,9,2,FSK,Cubic polynomial,100000,80000,0.25,1037914.575,NaN,NaN,10.3791,1037797.245,7.2838,1024
8,9,3,QAM,Modified Rapp model,25000,20000,0.25,2086993.384,22061.36414,94.5995,83.4797,2085765.463,11.6533,706
8,9,4,GFSK,Ghorbani model,25000,20000,0.25,1029647.326,NaN,NaN,41.1859,1029629.202,-6.43242,962
8,9,5,QAM,Modified Rapp model,12500,10000,0.25,1019622.073,11030.68207,92.4351,81.5698,1019117.545,2.74502,1000
8,9,6,GFSK,Saleh model,100000,80000,0.25,1112654.413,NaN,NaN,11.1265,1112674.241,15.3778,1024
8,9,7,GFSK,Saleh model,25000,20000,0.25,1024923.576,NaN,NaN,40.9969,1024846.69,13.6803,962
8,9,8,FSK,Cubic polynomial,100000,80000,0.25,1164537.583,NaN,NaN,11.6454,1164003.925,10.6866,1024
8,10,1,GFSK,Cubic polynomial,25000,20000,0.25,2091098.464,NaN,NaN,83.6439,2091122.865,24.9703,577
8,10,2,FSK,Cubic polynomial,100000,80000,0.25,2112898.744,NaN,NaN,21.129,2112926.767,7.28408,614
8,10,3,QAM,Modified Rapp model,25000,20000,0.25,1082222.776,22061.36414,49.0551,43.2889,1079336.816,11.6533,962
8,10,4,GFSK,Ghorbani model,25000,20000,0.25,2094738.52,NaN,NaN,83.7895,2094728.543,-6.43242,577
8,10,5,QAM,Modified Rapp model,12500,10000,0.25,2094475.703,11030.68207,189.877,167.558,2094488.015,2.74503,600
8,10,6,GFSK,Saleh model,100000,80000,0.25,2113960.736,NaN,NaN,21.1396,2113969.064,15.4237,614
8,10,7,GFSK,Saleh model,25000,20000,0.25,2094578.26,NaN,NaN,83.7831,2094585.713,13.6803,577
8,10,8,FSK,Cubic polynomial,100000,80000,0.25,2094720.032,NaN,NaN,20.9472,2094690.628,10.7143,614
8,11,1,QAM,Modified Rapp model,25000,20000,0.25,1079416.509,22061.36414,48.9279,43.1767,1078084.387,11.6533,962
8,12,1,GFSK,Cubic polynomial,25000,20000,0.25,2090226.988,NaN,NaN,83.6091,2090238.245,6.94729,770
8,12,2,FSK,Cubic polynomial,100000,80000,0.25,2107426.114,NaN,NaN,21.0743,2107361.283,14.485,782
8,12,3,QAM,Modified Rapp model,25000,20000,0.25,1080047.036,22061.36414,48.9565,43.2019,1078971.757,11.6533,962
8,12,4,GFSK,Ghorbani model,25000,20000,0.25,2093676.442,NaN,NaN,83.7471,2093671.793,3.87674,770
8,12,5,QAM,Modified Rapp model,12500,10000,0.25,2094217.852,11030.68207,189.854,167.537,2094197.398,18.325,800
8,12,6,GFSK,Saleh model,100000,80000,0.25,2112320.34,NaN,NaN,21.1232,2112349.079,18.6323,782
8,12,7,GFSK,Saleh model,25000,20000,0.25,2093831.017,NaN,NaN,83.7532,2093829.694,26.8753,770
8,12,8,FSK,Cubic polynomial,100000,80000,0.25,2126462.754,NaN,NaN,21.2646,2126501.54,11.0747,782
8,13,1,GFSK,Cubic polynomial,25000,20000,0.25,2087223.085,NaN,NaN,83.4889,2087234.678,6.95346,770
8,13,2,FSK,Cubic polynomial,100000,80000,0.25,2107505.109,NaN,NaN,21.0751,2107438.428,14.5028,782
8,13,3,QAM,Modified Rapp model,25000,20000,0.25,1080750.036,22061.36414,48.9884,43.23,1076716.133,11.6532,962
8,13,4,GFSK,Ghorbani model,25000,20000,0.25,2093921.849,NaN,NaN,83.7569,2093922.084,3.87674,770
8,13,5,QAM,Modified Rapp model,12500,10000,0.25,2094177.929,11030.68207,189.85,167.534,2094132.518,18.3251,800
8,13,6,GFSK,Saleh model,100000,80000,0.25,2112367.273,NaN,NaN,21.1237,2112395.744,18.8291,782
8,13,7,GFSK,Saleh model,25000,20000,0.25,2094013.337,NaN,NaN,83.7605,2093994.512,26.8784,770
8,13,8,FSK,Cubic polynomial,100000,80000,0.25,2094839.968,NaN,NaN,20.9484,2094846.135,11.1098,782
8,14,1,QAM,Modified Rapp model,25000,20000,0.25,1080096.592,22061.36414,48.9587,43.2039,1079306.156,11.6533,962
8,15,1,GFSK,Cubic polynomial,25000,20000,0.25,2087652.705,NaN,NaN,83.5061,2087640.964,-8.77953,577
8,15,2,FSK,Cubic polynomial,100000,80000,0.25,2112852.097,NaN,NaN,21.1285,2112779.168,19.609,614
8,15,3,QAM,Modified Rapp model,25000,20000,0.25,2087518.423,22061.36414,94.6233,83.5007,2087147.363,11.6533,727
8,15,4,GFSK,Ghorbani model,25000,20000,0.25,2094439.599,NaN,NaN,83.7776,2094437.422,9.46933,577
8,15,5,QAM,Modified Rapp model,12500,10000,0.25,2094165.432,11030.68207,189.849,167.533,2094351.806,18.8516,600
8,15,6,GFSK,Saleh model,100000,80000,0.25,2113989.4,NaN,NaN,21.1399,2114035.534,-7.28564,614
8,15,7,GFSK,Saleh model,25000,20000,0.25,2094558.027,NaN,NaN,83.7823,2094562.924,15.9335,577
8,15,8,FSK,Cubic polynomial,100000,80000,0.25,2093859.431,NaN,NaN,20.9386,2093922.922,3.18535,614
8,16,1,GFSK,Cubic polynomial,25000,20000,0.25,1061928.594,NaN,NaN,42.4771,1061898.696,-8.77945,962
8,16,2,FSK,Cubic polynomial,100000,80000,0.25,1084167.817,NaN,NaN,10.8417,1084391.164,19.6866,1024
8,16,3,GFSK,Ghorbani model,25000,20000,0.25,1018996.457,NaN,NaN,40.7599,1019013.696,9.46933,962
8,16,4,QAM,Modified Rapp model,12500,10000,0.25,1020452.486,11030.68207,92.5104,81.6362,1020807.789,18.8517,1000
8,16,5,GFSK,Saleh model,100000,80000,0.25,1100439.492,NaN,NaN,11.0044,1100448.836,-7.28511,1024
8,16,6,GFSK,Saleh model,25000,20000,0.25,1018558.57,NaN,NaN,40.7423,1018550.648,15.9335,962
8,16,7,FSK,Cubic polynomial,100000,80000,0.25,1090478.937,NaN,NaN,10.9048,1090524.147,3.18595,1024
8,17,1,GFSK,Cubic polynomial,25000,20000,0.25,1079894.98,NaN,NaN,43.1958,1079900.675,6.03663,962
8,17,2,FSK,Cubic polynomial,100000,80000,0.25,1037914.575,NaN,NaN,10.3791,1037779.799,14.5769,1024
8,17,3,QAM,Modified Rapp model,25000,20000,0.25,2086993.384,22061.36414,94.5995,83.4797,2086447.7,-4.62861,706
8,17,4,GFSK,Ghorbani model,25000,20000,0.25,1029647.326,NaN,NaN,41.1859,1029919.629,1.81983,962
8,17,5,QAM,Modified Rapp model,12500,10000,0.25,1019622.073,11030.68207,92.4351,81.5698,1019538.58,3.41198,1000
8,17,6,GFSK,Saleh model,100000,80000,0.25,1112654.413,NaN,NaN,11.1265,1112661.003,-3.96386,1024
8,17,7,GFSK,Saleh model,25000,20000,0.25,1024923.576,NaN,NaN,40.9969,1024881.345,21.5423,962
8,17,8,FSK,Cubic polynomial,100000,80000,0.25,1164537.583,NaN,NaN,11.6454,1164576.513,16.8441,1024
8,18,1,GFSK,Cubic polynomial,25000,20000,0.25,2091098.464,NaN,NaN,83.6439,2091102.503,6.03567,577
8,18,2,FSK,Cubic polynomial,100000,80000,0.25,2112898.744,NaN,NaN,21.129,2112903.877,14.5515,614
8,18,3,QAM,Modified Rapp model,25000,20000,0.25,1082222.776,22061.36414,49.0551,43.2889,1079570.622,-4.62861,962
8,18,4,GFSK,Ghorbani model,25000,20000,0.25,2094738.52,NaN,NaN,83.7895,2094743.228,1.81983,577
8,18,5,QAM,Modified Rapp model,12500,10000,0.25,2094475.703,11030.68207,189.877,167.558,2094583.234,3.41197,600
8,18,6,GFSK,Saleh model,100000,80000,0.25,2113960.736,NaN,NaN,21.1396,2113944.264,-3.96457,614
8,18,7,GFSK,Saleh model,25000,20000,0.25,2094578.26,NaN,NaN,83.7831,2094579.01,21.5416,577
8,18,8,FSK,Cubic polynomial,100000,80000,0.25,2094720.032,NaN,NaN,20.9472,2094730.792,16.8064,614
8,19,1,QAM,Modified Rapp model,25000,20000,0.25,1079416.509,22061.36414,48.9279,43.1767,1078771.557,-4.62861,962
8,20,1,GFSK,Cubic polynomial,25000,20000,0.25,2090226.988,NaN,NaN,83.6091,2090231.41,8.53325,770
8,20,2,FSK,Cubic polynomial,100000,80000,0.25,2107426.114,NaN,NaN,21.0743,2107439.335,10.4362,782
8,20,3,QAM,Modified Rapp model,25000,20000,0.25,1080047.036,22061.36414,48.9565,43.2019,1079175.48,-4.62861,962
8,20,4,GFSK,Ghorbani model,25000,20000,0.25,2093676.442,NaN,NaN,83.7471,2093664.415,-7.72138,770
8,20,5,QAM,Modified Rapp model,12500,10000,0.25,2094217.852,11030.68207,189.854,167.537,2094127.821,-2.57969,800
8,20,6,GFSK,Saleh model,100000,80000,0.25,2112320.34,NaN,NaN,21.1232,2112387.716,-2.41417,782
8,20,7,GFSK,Saleh model,25000,20000,0.25,2093831.017,NaN,NaN,83.7532,2093829.218,28.029,770
8,20,8,FSK,Cubic polynomial,100000,80000,0.25,2126462.754,NaN,NaN,21.2646,2126433.205,11.5517,782
8,21,1,GFSK,Cubic polynomial,25000,20000,0.25,2087223.085,NaN,NaN,83.4889,2087229.224,8.53413,770
8,21,2,FSK,Cubic polynomial,100000,80000,0.25,2107505.109,NaN,NaN,21.0751,2107518.284,10.4373,782
8,21,3,QAM,Modified Rapp model,25000,20000,0.25,1080750.036,22061.36414,48.9884,43.23,1078439.451,-4.62861,962
8,21,4,GFSK,Ghorbani model,25000,20000,0.25,2093921.849,NaN,NaN,83.7569,2093917.036,-7.72138,770
8,21,5,QAM,Modified Rapp model,12500,10000,0.25,2094177.929,11030.68207,189.85,167.534,2094576.832,-2.57969,800
8,21,6,GFSK,Saleh model,100000,80000,0.25,2112367.273,NaN,NaN,21.1237,2112435.442,-2.41052,782
8,21,7,GFSK,Saleh model,25000,20000,0.25,2094013.337,NaN,NaN,83.7605,2094012.108,28.0293,770
8,21,8,FSK,Cubic polynomial,100000,80000,0.25,2094839.968,NaN,NaN,20.9484,2094826.478,11.906,782
8,22,1,QAM,Modified Rapp model,25000,20000,0.25,1080096.592,22061.36414,48.9587,43.2039,1078971.328,-4.62861,962
8,23,1,GFSK,Cubic polynomial,25000,20000,0.25,2087652.705,NaN,NaN,83.5061,2087697.16,21.1426,577
8,23,2,FSK,Cubic polynomial,100000,80000,0.25,2112852.097,NaN,NaN,21.1285,2112790.547,24.4903,614
8,23,3,QAM,Modified Rapp model,25000,20000,0.25,2087518.423,22061.36414,94.6233,83.5007,2086926.324,-4.62861,727
8,23,4,GFSK,Ghorbani model,25000,20000,0.25,2094439.599,NaN,NaN,83.7776,2094393.206,-7.97158,577
8,23,5,QAM,Modified Rapp model,12500,10000,0.25,2094165.432,11030.68207,189.849,167.533,2097317.781,-7.68937,600
8,23,6,GFSK,Saleh model,100000,80000,0.25,2113989.4,NaN,NaN,21.1399,2113917.732,3.59271,614
8,23,7,GFSK,Saleh model,25000,20000,0.25,2094558.027,NaN,NaN,83.7823,2094533.141,24.4923,577
8,23,8,FSK,Cubic polynomial,100000,80000,0.25,2093859.431,NaN,NaN,20.9386,2093918.986,2.28833,614
8,24,1,GFSK,Cubic polynomial,25000,20000,0.25,1061928.594,NaN,NaN,42.4771,1061729.417,21.4122,962
8,24,2,FSK,Cubic polynomial,100000,80000,0.25,1084167.817,NaN,NaN,10.8417,1083944.707,25.5479,1024
8,24,3,GFSK,Ghorbani model,25000,20000,0.25,1018996.457,NaN,NaN,40.7599,1018626.752,-7.97157,962
8,24,4,QAM,Modified Rapp model,12500,10000,0.25,1020452.486,11030.68207,92.5104,81.6362,1021705.872,-7.68936,1000
8,24,5,GFSK,Saleh model,100000,80000,0.25,1100439.492,NaN,NaN,11.0044,1100390.274,3.6184,1024
8,24,6,GFSK,Saleh model,25000,20000,0.25,1018558.57,NaN,NaN,40.7423,1018511.43,24.5527,962
8,24,7,FSK,Cubic polynomial,100000,80000,0.25,1090478.937,NaN,NaN,10.9048,1090514.239,2.29218,1024
8,25,1,GFSK,Cubic polynomial,25000,20000,0.25,1079894.98,NaN,NaN,43.1958,1079957.657,-5.74589,962
8,25,2,FSK,Cubic polynomial,100000,80000,0.25,1037914.575,NaN,NaN,10.3791,1038253.823,-9.20107,1024
8,25,3,QAM,Modified Rapp model,25000,20000,0.25,2086993.384,22061.36414,94.5995,83.4797,2086777.961,-6.17833,706
8,25,4,GFSK,Ghorbani model,25000,20000,0.25,1029647.326,NaN,NaN,41.1859,1030036.378,0.254993,962
8,25,5,QAM,Modified Rapp model,12500,10000,0.25,1019622.073,11030.68207,92.4351,81.5698,1029623.118,1.35842,1000
8,25,6,GFSK,Saleh model,100000,80000,0.25,1112654.413,NaN,NaN,11.1265,1112646.602,-2.44289,1024
8,25,7,GFSK,Saleh model,25000,20000,0.25,1024923.576,NaN,NaN,40.9969,1025131.584,4.43493,962
8,25,8,FSK,Cubic polynomial,100000,80000,0.25,1164537.583,NaN,NaN,11.6454,1164389.101,-6.4918,1024
8,26,1,GFSK,Cubic polynomial,25000,20000,0.25,2091098.464,NaN,NaN,83.6439,2091093.172,-5.74603,577
8,26,2,FSK,Cubic polynomial,100000,80000,0.25,2112898.744,NaN,NaN,21.129,2112829.58,-9.20127,614
8,26,3,QAM,Modified Rapp model,25000,20000,0.25,1082222.776,22061.36414,49.0551,43.2889,1078056.258,-6.17833,962
8,26,4,GFSK,Ghorbani model,25000,20000,0.25,2094738.52,NaN,NaN,83.7895,2094741.172,0.254992,577
8,26,5,QAM,Modified Rapp model,12500,10000,0.25,2094475.703,11030.68207,189.877,167.558,2094632.294,1.35851,600
8,26,6,GFSK,Saleh model,100000,80000,0.25,2113960.736,NaN,NaN,21.1396,2113955.691,-2.4434,614
8,26,7,GFSK,Saleh model,25000,20000,0.25,2094578.26,NaN,NaN,83.7831,2094551.585,4.43492,577
8,26,8,FSK,Cubic polynomial,100000,80000,0.25,2094720.032,NaN,NaN,20.9472,2094715.869,-6.49204,614
8,27,1,QAM,Modified Rapp model,25000,20000,0.25,1079416.509,22061.36414,48.9279,43.1767,1078661.201,-6.17833,962
8,28,1,GFSK,Cubic polynomial,25000,20000,0.25,2090226.988,NaN,NaN,83.6091,2090245.367,1.3034,770
8,28,2,FSK,Cubic polynomial,100000,80000,0.25,2107426.114,NaN,NaN,21.0743,2107363.649,8.53075,782
8,28,3,QAM,Modified Rapp model,25000,20000,0.25,1080047.036,22061.36414,48.9565,43.2019,1079442.964,-6.17833,962
8,28,4,GFSK,Ghorbani model,25000,20000,0.25,2093676.442,NaN,NaN,83.7471,2093669.546,29.7403,770
8,28,5,QAM,Modified Rapp model,12500,10000,0.25,2094217.852,11030.68207,189.854,167.537,2094215.806,12.7147,800
8,28,6,GFSK,Saleh model,100000,80000,0.25,2112320.34,NaN,NaN,21.1232,2112302.272,-6.43733,782
8,28,7,GFSK,Saleh model,25000,20000,0.25,2093831.017,NaN,NaN,83.7532,2093923.654,20.7013,770
8,28,8,FSK,Cubic polynomial,100000,80000,0.25,2126462.754,NaN,NaN,21.2646,2126480.458,-4.17946,782
8,29,1,GFSK,Cubic polynomial,25000,20000,0.25,2087223.085,NaN,NaN,83.4889,2087244.121,1.2969,770
8,29,2,FSK,Cubic polynomial,100000,80000,0.25,2107505.109,NaN,NaN,21.0751,2107441.788,8.51654,782
8,29,3,QAM,Modified Rapp model,25000,20000,0.25,1080750.036,22061.36414,48.9884,43.23,1080270.685,-6.17833,962
8,29,4,GFSK,Ghorbani model,25000,20000,0.25,2093921.849,NaN,NaN,83.7569,2093920.392,29.7391,770
8,29,5,QAM,Modified Rapp model,12500,10000,0.25,2094177.929,11030.68207,189.85,167.534,2094178.484,12.7146,800
8,29,6,GFSK,Saleh model,100000,80000,0.25,2112367.273,NaN,NaN,21.1237,2112349.992,-6.45355,782
8,29,7,GFSK,Saleh model,25000,20000,0.25,2094013.337,NaN,NaN,83.7605,2094092.739,20.6316,770
8,29,8,FSK,Cubic polynomial,100000,80000,0.25,2094839.968,NaN,NaN,20.9484,2094835.219,-4.18511,782
8,30,1,QAM,Modified Rapp model,25000,20000,0.25,1080096.592,22061.36414,48.9587,43.2039,1079777.906,-6.17833,962
8,31,1,GFSK,Cubic polynomial,25000,20000,0.25,2087652.705,NaN,NaN,83.5061,2087695.854,18.9472,577
8,31,2,FSK,Cubic polynomial,100000,80000,0.25,2112852.097,NaN,NaN,21.1285,2112842.959,-7.45216,614
8,31,3,QAM,Modified Rapp model,25000,20000,0.25,2087518.423,22061.36414,94.6233,83.5007,2086139.614,-6.17833,727
8,31,4,GFSK,Ghorbani model,25000,20000,0.25,2094439.599,NaN,NaN,83.7776,2094440.341,8.851,577
8,31,5,QAM,Modified Rapp model,12500,10000,0.25,2094165.432,11030.68207,189.849,167.533,2094088.818,22.8522,600
8,31,6,GFSK,Saleh model,100000,80000,0.25,2113989.4,NaN,NaN,21.1399,2113991.135,2.92556,614
8,31,7,GFSK,Saleh model,25000,20000,0.25,2094558.027,NaN,NaN,83.7823,2094561.806,7.27365,577
8,31,8,FSK,Cubic polynomial,100000,80000,0.25,2093859.431,NaN,NaN,20.9386,2093796.798,-9.23732,614
8,32,1,GFSK,Cubic polynomial,25000,20000,0.25,1061928.594,NaN,NaN,42.4771,1061751.548,18.9813,962
8,32,2,FSK,Cubic polynomial,100000,80000,0.25,1084167.817,NaN,NaN,10.8417,1084147.163,-7.45212,1024
8,32,3,GFSK,Ghorbani model,25000,20000,0.25,1018996.457,NaN,NaN,40.7599,1019022.102,8.851,962
8,32,4,QAM,Modified Rapp model,12500,10000,0.25,1020452.486,11030.68207,92.5104,81.6362,1019075.507,22.8519,1000
8,32,5,GFSK,Saleh model,100000,80000,0.25,1100439.492,NaN,NaN,11.0044,1100442.508,2.92812,1024
8,32,6,GFSK,Saleh model,25000,20000,0.25,1018558.57,NaN,NaN,40.7423,1018537.594,7.27365,962
8,32,7,FSK,Cubic polynomial,100000,80000,0.25,1090478.937,NaN,NaN,10.9048,1090463.423,-9.2371,1024
9,1,1,OFDM,Cubic polynomial,40000000,32000000,0.25,39975846.08,NaN,NaN,0.999396,39778059.18,-9.25719,1024
9,1,2,OFDM,Hyperbolic tangent,20000000,16000000,0.25,22616744.59,NaN,NaN,1.13084,20762907.12,21.3282,47
9,2,1,OFDM,Cubic polynomial,40000000,32000000,0.25,49434417.91,NaN,NaN,1.23586,48225243.17,-9.25719,410
9,2,2,OFDM,Hyperbolic tangent,20000000,16000000,0.25,35536190.73,NaN,NaN,1.77681,35476451.9,21.329,1024
9,3,1,OFDM,Cubic polynomial,40000000,32000000,0.25,40080577.39,NaN,NaN,1.00201,39850066.56,0.999133,205
9,3,2,OFDM,Hyperbolic tangent,20000000,16000000,0.25,35377858.24,NaN,NaN,1.76889,35346355.54,21.3296,1024
9,4,1,OFDM,Cubic polynomial,40000000,32000000,0.25,49497260.87,NaN,NaN,1.23743,49401902,0.999132,1024
9,4,2,OFDM,Hyperbolic tangent,20000000,16000000,0.25,35470197.14,NaN,NaN,1.77351,35337843.65,21.3293,1024
9,5,1,OFDM,Cubic polynomial,40000000,32000000,0.25,49606573.52,NaN,NaN,1.24016,48172074.1,0.999133,205
9,5,2,OFDM,Hyperbolic tangent,20000000,16000000,0.25,35490145.96,NaN,NaN,1.77451,35464806.83,21.3296,1024
9,6,1,OFDM,Cubic polynomial,40000000,32000000,0.25,39634968.88,NaN,NaN,0.990874,39597691,4.67933,410
9,6,2,OFDM,Hyperbolic tangent,20000000,16000000,0.25,35382062.26,NaN,NaN,1.7691,35343878.18,21.3296,1024
9,7,1,OFDM,Cubic polynomial,40000000,32000000,0.25,49609637.7,NaN,NaN,1.24024,49703869.74,4.67933,1024
9,7,2,OFDM,Hyperbolic tangent,20000000,16000000,0.25,35846105.7,NaN,NaN,1.79231,35556047.39,21.3294,567
9,8,1,OFDM,Cubic polynomial,40000000,32000000,0.25,39975846.08,NaN,NaN,0.999396,39688619.08,25.9692,1024
9,8,2,OFDM,Hyperbolic tangent,20000000,16000000,0.25,22616744.59,NaN,NaN,1.13084,20805769.67,7.28501,47
9,9,1,OFDM,Cubic polynomial,40000000,32000000,0.25,49434417.91,NaN,NaN,1.23586,49525396.87,25.9693,410
9,9,2,OFDM,Hyperbolic tangent,20000000,16000000,0.25,35536190.73,NaN,NaN,1.77681,35296836.89,7.28501,1024
9,10,1,OFDM,Cubic polynomial,40000000,32000000,0.25,40080577.39,NaN,NaN,1.00201,39860585.56,6.95999,205
9,10,2,OFDM,Hyperbolic tangent,20000000,16000000,0.25,35377858.24,NaN,NaN,1.76889,35226683.07,7.28501,1024
9,11,1,OFDM,Cubic polynomial,40000000,32000000,0.25,49497260.87,NaN,NaN,1.23743,48697758.62,6.95999,1024
9,11,2,OFDM,Hyperbolic tangent,20000000,16000000,0.25,35470197.14,NaN,NaN,1.77351,35343115.69,7.28501,1024
9,12,1,OFDM,Cubic polynomial,40000000,32000000,0.25,49606573.52,NaN,NaN,1.24016,49352957.07,6.95999,205
9,12,2,OFDM,Hyperbolic tangent,20000000,16000000,0.25,35490145.96,NaN,NaN,1.77451,35287316.65,7.28501,1024
9,13,1,OFDM,Cubic polynomial,40000000,32000000,0.25,39634968.88,NaN,NaN,0.990874,39731845.05,-8.77909,410
9,13,2,OFDM,Hyperbolic tangent,20000000,16000000,0.25,35382062.26,NaN,NaN,1.7691,35255743.45,7.285,1024
9,14,1,OFDM,Cubic polynomial,40000000,32000000,0.25,49609637.7,NaN,NaN,1.24024,49371715.6,-8.77909,1024
9,14,2,OFDM,Hyperbolic tangent,20000000,16000000,0.25,35846105.7,NaN,NaN,1.79231,35574071.91,7.28498,567
10,1,1,QAM,Modified Rapp model,10000000,8000000,0.25,8839899.775,8824545.657,1.00174,0.88399,8839887.848,-9.25719,4096
10,1,2,QAM,Ghorbani model,40000000,32000000,0.25,35326625.86,35298182.63,1.00081,0.883166,35326586.72,21.3291,4096
10,1,3,QAM,Modified Rapp model,20000000,16000000,0.25,17723708.08,17649091.31,1.00423,0.886185,17723751.61,-5.92639,4096
10,1,4,OFDM,Saleh model,20000000,16000000,0.25,19831508.87,NaN,NaN,0.991575,19831509.87,16.6044,4096
10,1,5,QAM,Ghorbani model,10000000,8000000,0.25,8946385.58,8824545.657,1.01381,0.894639,8946380.758,20.3963,4096
10,1,6,QAM,Saleh model,40000000,32000000,0.25,35227212.16,35298182.63,0.997989,0.88068,35227187.13,6.51082,4096
10,2,1,QAM,Modified Rapp model,10000000,8000000,0.25,9248720.773,8824545.657,1.04807,0.924872,9248718.352,-9.25719,819
10,2,2,QAM,Ghorbani model,40000000,32000000,0.25,35458820.84,35298182.63,1.00455,0.886471,35458830.13,21.3295,819
10,2,3,QAM,Modified Rapp model,20000000,16000000,0.25,18240897.56,17649091.31,1.03353,0.912045,18240905.46,-5.91779,819
10,2,4,OFDM,Saleh model,20000000,16000000,0.25,41290028.03,NaN,NaN,2.0645,41290003.84,16.1778,3277
10,2,5,QAM,Ghorbani model,10000000,8000000,0.25,9536223.523,8824545.657,1.08065,0.953622,9536220.205,20.3989,819
10,2,6,QAM,Saleh model,40000000,32000000,0.25,35231569.79,35298182.63,0.998113,0.880789,35231553.89,6.50727,819
10,5,1,QAM,Modified Rapp model,10000000,8000000,0.25,9148115.275,8824545.657,1.03667,0.914812,9148120.374,0.999132,819
10,5,2,QAM,Ghorbani model,40000000,32000000,0.25,35168469.15,35298182.63,0.996325,0.879212,35168467.15,9.52525,819
10,5,3,QAM,Modified Rapp model,20000000,16000000,0.25,17849079.94,17649091.31,1.01133,0.892454,17849033.31,29.4036,819
10,5,4,QAM,Ghorbani model,10000000,8000000,0.25,9659768.873,8824545.657,1.09465,0.965977,9659780.809,21.4912,819
10,5,5,QAM,Saleh model,40000000,32000000,0.25,35741022.59,35298182.63,1.01255,0.893526,35741021.38,8.21533,819
10,6,1,QAM,Modified Rapp model,10000000,8000000,0.25,8751390.141,8824545.657,0.99171,0.875139,8751391.175,0.999131,4096
10,6,2,QAM,Ghorbani model,40000000,32000000,0.25,35165947.42,35298182.63,0.996254,0.879149,35165978.54,9.52524,4096
10,6,3,QAM,Modified Rapp model,20000000,16000000,0.25,17721415.25,17649091.31,1.0041,0.886071,17721425.35,29.403,4096
10,6,4,QAM,Ghorbani model,10000000,8000000,0.25,8875710.617,8824545.657,1.0058,0.887571,8875720.18,21.4715,4096
10,6,5,QAM,Saleh model,40000000,32000000,0.25,35234225.99,35298182.63,0.998188,0.880856,35234242.2,8.22032,4096
10,7,1,QAM,Modified Rapp model,10000000,8000000,0.25,8839899.775,8824545.657,1.00174,0.88399,8839913.689,25.9685,4096
10,7,2,QAM,Ghorbani model,40000000,32000000,0.25,35326625.86,35298182.63,1.00081,0.883166,35326583.86,7.285,4096
10,7,3,QAM,Modified Rapp model,20000000,16000000,0.25,17723708.08,17649091.31,1.00423,0.886185,17723749.59,11.6598,4096
10,7,4,OFDM,Saleh model,20000000,16000000,0.25,19831508.87,NaN,NaN,0.991575,19831509.06,-5.65612,4096
10,7,5,QAM,Ghorbani model,10000000,8000000,0.25,8946385.58,8824545.657,1.01381,0.894639,8946381.645,2.74433,4096
10,7,6,QAM,Saleh model,40000000,32000000,0.25,35227212.16,35298182.63,0.997989,0.88068,35227184.8,15.5714,4096
10,8,1,QAM,Modified Rapp model,10000000,8000000,0.25,9248720.773,8824545.657,1.04807,0.924872,9248723.529,25.9689,819
10,8,2,QAM,Ghorbani model,40000000,32000000,0.25,35458820.84,35298182.63,1.00455,0.886471,35458830.8,7.28501,819
10,8,3,QAM,Modified Rapp model,20000000,16000000,0.25,18240897.56,17649091.31,1.03353,0.912045,18240905.09,11.6684,819
10,8,4,OFDM,Saleh model,20000000,16000000,0.25,41290028.03,NaN,NaN,2.0645,41290023.09,-6.08287,3277
10,8,5,QAM,Ghorbani model,10000000,8000000,0.25,9536223.523,8824545.657,1.08065,0.953622,9536220.814,2.74645,819
10,8,6,QAM,Saleh model,40000000,32000000,0.25,35231569.79,35298182.63,0.998113,0.880789,35231552.39,15.5679,819
10,11,1,QAM,Modified Rapp model,10000000,8000000,0.25,9148115.275,8824545.657,1.03667,0.914812,9148109.265,6.95999,819
10,11,2,QAM,Ghorbani model,40000000,32000000,0.25,35168469.15,35298182.63,0.996325,0.879212,35168467,14.5237,819
10,11,3,QAM,Modified Rapp model,20000000,16000000,0.25,17849079.94,17649091.31,1.01133,0.892454,17849035.47,11.803,819
10,11,4,QAM,Ghorbani model,10000000,8000000,0.25,9659768.873,8824545.657,1.09465,0.965977,9659778.631,18.3349,819
10,11,5,QAM,Saleh model,40000000,32000000,0.25,35741022.59,35298182.63,1.01255,0.893526,35741021.27,19.0491,819
10,12,1,QAM,Modified Rapp model,10000000,8000000,0.25,8751390.141,8824545.657,0.99171,0.875139,8751388.904,6.95999,4096
10,12,2,QAM,Ghorbani model,40000000,32000000,0.25,35165947.42,35298182.63,0.996254,0.879149,35165980.79,14.5236,4096
10,12,3,QAM,Modified Rapp model,20000000,16000000,0.25,17721415.25,17649091.31,1.0041,0.886071,17721424.88,11.8031,4096
10,12,4,QAM,Ghorbani model,10000000,8000000,0.25,8875710.617,8824545.657,1.0058,0.887571,8875718.434,18.3153,4096
10,12,5,QAM,Saleh model,40000000,32000000,0.25,35234225.99,35298182.63,0.998188,0.880856,35234243.71,19.0541,4096
10,13,1,QAM,Modified Rapp model,10000000,8000000,0.25,8839899.775,8824545.657,1.00174,0.88399,8839911.899,6.03753,4096
10,13,2,QAM,Ghorbani model,40000000,32000000,0.25,35326625.86,35298182.63,1.00081,0.883166,35326664.91,14.5978,4096
10,13,3,QAM,Modified Rapp model,20000000,16000000,0.25,17723708.08,17649091.31,1.00423,0.886185,17723725.17,-4.62207,4096
10,13,4,OFDM,Saleh model,20000000,16000000,0.25,19831508.87,NaN,NaN,0.991575,19831508.94,2.59613,4096
10,13,5,QAM,Ghorbani model,10000000,8000000,0.25,8946385.58,8824545.657,1.01381,0.894639,8946384.158,3.41128,4096
10,13,6,QAM,Saleh model,40000000,32000000,0.25,35227212.16,35298182.63,0.997989,0.88068,35227189.44,-3.95648,4096
10,14,1,QAM,Modified Rapp model,10000000,8000000,0.25,9248720.773,8824545.657,1.04807,0.924872,9248723.178,6.03753,819
10,14,2,QAM,Ghorbani model,40000000,32000000,0.25,35458820.84,35298182.63,1.00455,0.886471,35458811.48,14.5979,819
10,14,3,QAM,Modified Rapp model,20000000,16000000,0.25,18240897.56,17649091.31,1.03353,0.912045,18240900.69,-4.61347,819
10,14,4,OFDM,Saleh model,20000000,16000000,0.25,41290028.03,NaN,NaN,2.0645,41290025.98,2.16938,3277
10,14,5,QAM,Ghorbani model,10000000,8000000,0.25,9536223.523,8824545.657,1.08065,0.953622,9536222.543,3.41341,819
10,14,6,QAM,Saleh model,40000000,32000000,0.25,35231569.79,35298182.63,0.998113,0.880789,35231555.38,-3.96004,819
10,17,1,QAM,Modified Rapp model,10000000,8000000,0.25,9148115.275,8824545.657,1.03667,0.914812,9148110.042,8.53638,819
10,17,2,QAM,Ghorbani model,40000000,32000000,0.25,35168469.15,35298182.63,0.996325,0.879212,35168471.06,10.4403,819
10,17,3,QAM,Modified Rapp model,20000000,16000000,0.25,17849079.94,17649091.31,1.01133,0.892454,17849061.62,16.6899,819
10,17,4,QAM,Ghorbani model,10000000,8000000,0.25,9659768.873,8824545.657,1.09465,0.965977,9659772.418,-2.56998,819
10,17,5,QAM,Saleh model,40000000,32000000,0.25,35741022.59,35298182.63,1.01255,0.893526,35741021.5,-2.405,819
10,18,1,QAM,Modified Rapp model,10000000,8000000,0.25,8751390.141,8824545.657,0.99171,0.875139,8751389.065,8.53638,4096
10,18,2,QAM,Ghorbani model,40000000,32000000,0.25,35165947.42,35298182.63,0.996254,0.879149,35165915.85,10.4403,4096
10,18,3,QAM,Modified Rapp model,20000000,16000000,0.25,17721415.25,17649091.31,1.0041,0.886071,17721419.19,16.6899,4096
10,18,4,QAM,Ghorbani model,10000000,8000000,0.25,8875710.617,8824545.657,1.0058,0.887571,8875713.456,-2.58946,4096
10,18,5,QAM,Saleh model,40000000,32000000,0.25,35234225.99,35298182.63,0.998188,0.880856,35234240.71,-2.4,4096
10,19,1,QAM,Modified Rapp model,10000000,8000000,0.25,8839899.775,8824545.657,1.00174,0.88399,8839914.141,-5.74423,4096
10,19,2,QAM,Ghorbani model,40000000,32000000,0.25,35326625.86,35298182.63,1.00081,0.883166,35326585.08,-9.19977,4096
10,19,3,QAM,Modified Rapp model,20000000,16000000,0.25,17723708.08,17649091.31,1.00423,0.886185,17723752.46,-6.17179,4096
10,19,4,OFDM,Saleh model,20000000,16000000,0.25,19831508.87,NaN,NaN,0.991575,19831509.99,1.0313,4096
10,19,5,QAM,Ghorbani model,10000000,8000000,0.25,8946385.58,8824545.657,1.01381,0.894639,8946380.983,1.35781,4096
10,19,6,QAM,Saleh model,40000000,32000000,0.25,35227212.16,35298182.63,0.997989,0.88068,35227185.75,-2.43308,4096
10,20,1,QAM,Modified Rapp model,10000000,8000000,0.25,9248720.773,8824545.657,1.04807,0.924872,9248723.617,-5.74423,819
10,20,2,QAM,Ghorbani model,40000000,32000000,0.25,35458820.84,35298182.63,1.00455,0.886471,35458830.51,-9.19976,819
10,20,3,QAM,Modified Rapp model,20000000,16000000,0.25,18240897.56,17649091.31,1.03353,0.912045,18240905.61,-6.16319,819
10,20,4,OFDM,Saleh model,20000000,16000000,0.25,41290028.03,NaN,NaN,2.0645,41290001.39,0.604547,3277
10,20,5,QAM,Ghorbani model,10000000,8000000,0.25,9536223.523,8824545.657,1.08065,0.953622,9536220.359,1.35994,819
10,20,6,QAM,Saleh model,40000000,32000000,0.25,35231569.79,35298182.63,0.998113,0.880789,35231553,-2.43663,819
10,23,1,QAM,Modified Rapp model,10000000,8000000,0.25,9148115.275,8824545.657,1.03667,0.914812,9148109.068,1.30753,819
10,23,2,QAM,Ghorbani model,40000000,32000000,0.25,35168469.15,35298182.63,0.996325,0.879212,35168467.06,8.53926,819
10,23,3,QAM,Modified Rapp model,20000000,16000000,0.25,17849079.94,17649091.31,1.01133,0.892454,17849032.4,13.7107,819
10,23,4,QAM,Ghorbani model,10000000,8000000,0.25,9659768.873,8824545.657,1.09465,0.965977,9659780.259,12.7245,819
10,23,5,QAM,Saleh model,40000000,32000000,0.25,35741022.59,35298182.63,1.01255,0.893526,35741021.31,-6.431,819
10,24,1,QAM,Modified Rapp model,10000000,8000000,0.25,8751390.141,8824545.657,0.99171,0.875139,8751388.863,1.30753,4096
10,24,2,QAM,Ghorbani model,40000000,32000000,0.25,35165947.42,35298182.63,0.996254,0.879149,35165979.82,8.53924,4096
10,24,3,QAM,Modified Rapp model,20000000,16000000,0.25,17721415.25,17649091.31,1.0041,0.886071,17721425.55,13.7108,4096
10,24,4,QAM,Ghorbani model,10000000,8000000,0.25,8875710.617,8824545.657,1.0058,0.887571,8875719.739,12.7049,4096
10,24,5,QAM,Saleh model,40000000,32000000,0.25,35234225.99,35298182.63,0.998188,0.880856,35234243.1,-6.426,4096
11,1,1,FM,Ghorbani model,180000,144092.219,0.25,572010.345,NaN,NaN,3.17784,572007.1428,-9.25719,2048
11,1,2,DSBAM,Lookup table,25000,20000,0.25,551204.5723,NaN,NaN,22.0482,550811.0605,20.6575,2048
11,1,3,FM,Cubic polynomial,180000,144092.219,0.25,576433.8878,NaN,NaN,3.20241,576016.2877,-5.93293,2048
11,1,4,FM,Modified Rapp model,180000,144092.219,0.25,545992.258,NaN,NaN,3.03329,545324.9199,15.7106,2048
11,1,5,FM,Hyperbolic tangent,200000,159744.4089,0.25,564534.5194,NaN,NaN,2.82267,564538.2689,20.3927,2035
11,1,6,FM,Ghorbani model,200000,159744.4089,0.25,572755.3951,NaN,NaN,2.86378,572757.9861,6.50398,2035
11,2,1,FM,Ghorbani model,180000,144092.219,0.25,572010.3398,NaN,NaN,3.17784,572007.1262,-9.25719,2048
11,2,2,FM,Cubic polynomial,180000,144092.219,0.25,576408.539,NaN,NaN,3.20227,575983.2136,-5.93293,2048
11,2,3,FM,Modified Rapp model,180000,144092.219,0.25,545991.4604,NaN,NaN,3.03329,545087.1453,15.6475,2048
11,2,4,FM,Hyperbolic tangent,200000,159744.4089,0.25,564534.9008,NaN,NaN,2.82267,564538.7565,20.3929,2035
11,2,5,FM,Ghorbani model,200000,159744.4089,0.25,572755.4523,NaN,NaN,2.86378,572759.5035,6.50399,2035
11,3,1,FM,Ghorbani model,180000,144092.219,0.25,572010.3464,NaN,NaN,3.17784,572006.89,-9.25719,2048
11,3,2,DSBAM,Lookup table,25000,20000,0.25,551130.6655,NaN,NaN,22.0452,551392.9969,9.51057,2048
11,3,3,FM,Cubic polynomial,180000,144092.219,0.25,576305.8142,NaN,NaN,3.2017,575867.7873,-5.93293,2048
11,3,4,FM,Modified Rapp model,180000,144092.219,0.25,545990.2275,NaN,NaN,3.03328,544676.1512,15.5343,2048
11,3,5,FM,Hyperbolic tangent,200000,159744.4089,0.25,564534.4445,NaN,NaN,2.82267,564537.3304,20.3932,2035
11,3,6,FM,Ghorbani model,200000,159744.4089,0.25,572755.4324,NaN,NaN,2.86378,572760.634,6.50399,2035
11,4,1,FM,Ghorbani model,180000,144092.219,0.25,572010.3488,NaN,NaN,3.17784,572006.8398,-9.25719,2048
11,4,2,FM,Cubic polynomial,180000,144092.219,0.25,576318.5717,NaN,NaN,3.20177,575867.9481,-5.93293,2048
11,4,3,FM,Modified Rapp model,180000,144092.219,0.25,545990.9403,NaN,NaN,3.03328,543881.0335,15.2611,2048
11,4,4,FM,Hyperbolic tangent,200000,159744.4089,0.25,564534.6329,NaN,NaN,2.82267,564537.2782,20.3932,2035
11,4,5,FM,Ghorbani model,200000,159744.4089,0.25,572755.4097,NaN,NaN,2.86378,572761.9319,6.50399,2035
11,5,1,FM,Ghorbani model,180000,144092.219,0.25,572010.3397,NaN,NaN,3.17784,572006.7801,-9.25719,2048
11,5,2,DSBAM,Lookup table,25000,20000,0.25,551127.1305,NaN,NaN,22.0451,551292.4848,19.984,2048
11,5,3,FM,Cubic polynomial,180000,144092.219,0.25,576435.1393,NaN,NaN,3.20242,575977.0209,-5.93293,2048
11,5,4,FM,Modified Rapp model,180000,144092.219,0.25,545991.0706,NaN,NaN,3.03328,542666.7873,14.7919,2048
11,5,5,FM,Hyperbolic tangent,200000,159744.4089,0.25,564534.6938,NaN,NaN,2.82267,564537.2739,20.3934,2035
11,5,6,FM,Ghorbani model,200000,159744.4089,0.25,572755.4116,NaN,NaN,2.86378,572763.2524,6.504,2035
11,6,1,FM,Ghorbani model,180000,144092.219,0.25,572010.345,NaN,NaN,3.17784,571998.3051,25.9645,2048
11,6,2,DSBAM,Lookup table,25000,20000,0.25,551204.5723,NaN,NaN,22.0482,551494.4836,7.28313,2048
11,6,3,FM,Cubic polynomial,180000,144092.219,0.25,576433.8878,NaN,NaN,3.20241,576256.6269,11.6533,2048
11,6,4,FM,Modified Rapp model,180000,144092.219,0.25,545992.258,NaN,NaN,3.03329,545920.588,-6.43243,2048
11,6,5,FM,Hyperbolic tangent,200000,159744.4089,0.25,564534.5194,NaN,NaN,2.82267,564496.2201,2.74497,2035
11,6,6,FM,Ghorbani model,200000,159744.4089,0.25,572755.3951,NaN,NaN,2.86378,572795.1089,15.5646,2035
11,7,1,FM,Ghorbani model,180000,144092.219,0.25,572010.3398,NaN,NaN,3.17784,571998.5275,25.9643,2048
11,7,2,FM,Cubic polynomial,180000,144092.219,0.25,576408.539,NaN,NaN,3.20227,576228.4874,11.6533,2048
11,7,3,FM,Modified Rapp model,180000,144092.219,0.25,545991.4604,NaN,NaN,3.03329,545917.1031,-6.43243,2048
11,7,4,FM,Hyperbolic tangent,200000,159744.4089,0.25,564534.9008,NaN,NaN,2.82267,564496.393,2.74497,2035
11,7,5,FM,Ghorbani model,200000,159744.4089,0.25,572755.4523,NaN,NaN,2.86378,572794.0021,15.5646,2035
11,8,1,FM,Ghorbani model,180000,144092.219,0.25,572010.3464,NaN,NaN,3.17784,571998.7144,25.9641,2048
11,8,2,DSBAM,Lookup table,25000,20000,0.25,551130.6655,NaN,NaN,22.0452,550061.7671,14.4975,2048
11,8,3,FM,Cubic polynomial,180000,144092.219,0.25,576305.8142,NaN,NaN,3.2017,576113.8716,11.6533,2048
11,8,4,FM,Modified Rapp model,180000,144092.219,0.25,545990.2275,NaN,NaN,3.03328,545913.14,-6.43243,2048
11,8,5,FM,Hyperbolic tangent,200000,159744.4089,0.25,564534.4445,NaN,NaN,2.82267,564494.7192,2.74497,2035
11,8,6,FM,Ghorbani model,200000,159744.4089,0.25,572755.4324,NaN,NaN,2.86378,572792.3167,15.5646,2035
11,9,1,FM,Ghorbani model,180000,144092.219,0.25,572010.3488,NaN,NaN,3.17784,571999.1109,25.9639,2048
11,9,2,FM,Cubic polynomial,180000,144092.219,0.25,576318.5717,NaN,NaN,3.20177,576117.5714,11.6533,2048
11,9,3,FM,Modified Rapp model,180000,144092.219,0.25,545990.9403,NaN,NaN,3.03328,545910.8851,-6.43243,2048
11,9,4,FM,Hyperbolic tangent,200000,159744.4089,0.25,564534.6329,NaN,NaN,2.82267,564494.3195,2.74497,2035
11,9,5,FM,Ghorbani model,200000,159744.4089,0.25,572755.4097,NaN,NaN,2.86378,572791.1384,15.5646,2035
11,10,1,FM,Ghorbani model,180000,144092.219,0.25,572010.3397,NaN,NaN,3.17784,571999.6252,25.9639,2048
11,10,2,DSBAM,Lookup table,25000,20000,0.25,551127.1305,NaN,NaN,22.0451,550105.7476,19.4855,2048
11,10,3,FM,Cubic polynomial,180000,144092.219,0.25,576435.1393,NaN,NaN,3.20242,576230.6388,11.6533,2048
11,10,4,FM,Modified Rapp model,180000,144092.219,0.25,545991.0706,NaN,NaN,3.03328,545907.7517,-6.43243,2048
11,10,5,FM,Hyperbolic tangent,200000,159744.4089,0.25,564534.6938,NaN,NaN,2.82267,564494.0014,2.74497,2035
11,10,6,FM,Ghorbani model,200000,159744.4089,0.25,572755.4116,NaN,NaN,2.86378,572790.0616,15.5647,2035
12,1,1,OFDM,Hyperbolic tangent,10000000,8000000,0.25,10018986.35,NaN,NaN,1.0019,9858673.994,-9.2572,2048
12,1,2,OFDM,Modified Rapp model,20000000,16000000,0.25,19891981.83,NaN,NaN,0.994599,19796272.48,21.3296,2048
12,1,3,OFDM,Lookup table,20000000,16000000,0.25,19793200.97,NaN,NaN,0.98966,19519467.31,-5.93293,2048
12,1,4,OFDM,Ghorbani model,10000000,8000000,0.25,10123772.62,NaN,NaN,1.01238,10069569.3,15.8282,2048
12,1,5,QAM,Cubic polynomial,20000000,16000000,0.25,17761152.16,17649091.31,1.00635,0.888058,17560405.96,20.3974,2048
12,1,6,QAM,Saleh model,10000000,8000000,0.25,9053025.709,8824545.657,1.02589,0.905303,9031179.657,6.50406,2048
12,2,1,OFDM,Hyperbolic tangent,10000000,8000000,0.25,15891526.25,NaN,NaN,1.58915,16033395.72,-9.25719,410
12,2,2,OFDM,Modified Rapp model,20000000,16000000,0.25,31036187.94,NaN,NaN,1.55181,30320328.47,21.3296,410
12,2,3,OFDM,Lookup table,20000000,16000000,0.25,30974025.56,NaN,NaN,1.5487,30464028.71,-5.93293,410
12,2,4,OFDM,Ghorbani model,10000000,8000000,0.25,23203475.32,NaN,NaN,2.32035,23219202.28,15.8283,1638
12,2,5,QAM,Cubic polynomial,20000000,16000000,0.25,18047799.82,17649091.31,1.02259,0.90239,18140615.23,20.3976,410
12,2,6,QAM,Saleh model,10000000,8000000,0.25,9372419.182,8824545.657,1.06209,0.937242,9431754.312,6.50407,410
12,5,1,OFDM,Hyperbolic tangent,10000000,8000000,0.25,10506287.9,NaN,NaN,1.05063,10307963.34,0.999131,410
12,5,2,OFDM,Modified Rapp model,20000000,16000000,0.25,20640705.1,NaN,NaN,1.03204,20025786.28,9.52525,410
12,5,3,OFDM,Lookup table,20000000,16000000,0.25,20581310.07,NaN,NaN,1.02907,20581326.52,29.4006,410
12,5,4,QAM,Cubic polynomial,20000000,16000000,0.25,18141076.81,17649091.31,1.02788,0.907054,18059973.71,21.4815,410
12,5,5,QAM,Saleh model,10000000,8000000,0.25,9575369.675,8824545.657,1.08508,0.957537,9473024.714,8.21908,410
12,6,1,OFDM,Hyperbolic tangent,10000000,8000000,0.25,15328947.65,NaN,NaN,1.53289,15242913.52,0.999122,2048
12,6,2,OFDM,Modified Rapp model,20000000,16000000,0.25,30456393.35,NaN,NaN,1.52282,30327082.31,9.52524,2048
12,6,3,OFDM,Lookup table,20000000,16000000,0.25,30509101.86,NaN,NaN,1.52546,30390597.35,29.3999,2048
12,6,4,QAM,Cubic polynomial,20000000,16000000,0.25,17537031,17649091.31,0.993651,0.876852,17435049.64,21.4814,2048
12,6,5,QAM,Saleh model,10000000,8000000,0.25,8978072.782,8824545.657,1.0174,0.897807,8818480.937,8.21908,2048
12,7,1,OFDM,Hyperbolic tangent,10000000,8000000,0.25,10018986.35,NaN,NaN,1.0019,10073500.54,25.9585,2048
12,7,2,OFDM,Modified Rapp model,20000000,16000000,0.25,19891981.83,NaN,NaN,0.994599,19781765.06,7.28501,2048
12,7,3,OFDM,Lookup table,20000000,16000000,0.25,19793200.97,NaN,NaN,0.98966,19677455.45,11.6532,2048
12,7,4,OFDM,Ghorbani model,10000000,8000000,0.25,10123772.62,NaN,NaN,1.01238,10073023.77,-6.43242,2048
12,7,5,QAM,Cubic polynomial,20000000,16000000,0.25,17761152.16,17649091.31,1.00635,0.888058,17709360.26,2.74502,2048
12,7,6,QAM,Saleh model,10000000,8000000,0.25,9053025.709,8824545.657,1.02589,0.905303,9042123.417,15.5646,2048
12,8,1,OFDM,Hyperbolic tangent,10000000,8000000,0.25,15891526.25,NaN,NaN,1.58915,15683448.09,25.9631,410
12,8,2,OFDM,Modified Rapp model,20000000,16000000,0.25,31036187.94,NaN,NaN,1.55181,30549073.41,7.28501,410
12,8,3,OFDM,Lookup table,20000000,16000000,0.25,30974025.56,NaN,NaN,1.5487,30613062.77,11.6532,410
12,8,4,OFDM,Ghorbani model,10000000,8000000,0.25,23203475.32,NaN,NaN,2.32035,23243232.32,-6.43242,1638
12,8,5,QAM,Cubic polynomial,20000000,16000000,0.25,18047799.82,17649091.31,1.02259,0.90239,17954201.42,2.74503,410
12,8,6,QAM,Saleh model,10000000,8000000,0.25,9372419.182,8824545.657,1.06209,0.937242,9342526.346,15.5647,410
12,11,1,OFDM,Hyperbolic tangent,10000000,8000000,0.25,10506287.9,NaN,NaN,1.05063,10502460.58,6.95998,410
12,11,2,OFDM,Modified Rapp model,20000000,16000000,0.25,20640705.1,NaN,NaN,1.03204,20012776.54,14.5237,410
12,11,3,OFDM,Lookup table,20000000,16000000,0.25,20581310.07,NaN,NaN,1.02907,20409396.17,11.8001,410
12,11,4,QAM,Cubic polynomial,20000000,16000000,0.25,18141076.81,17649091.31,1.02788,0.907054,18260018.79,18.3252,410
12,11,5,QAM,Saleh model,10000000,8000000,0.25,9575369.675,8824545.657,1.08508,0.957537,9320573.056,19.0529,410
12,12,1,OFDM,Hyperbolic tangent,10000000,8000000,0.25,15328947.65,NaN,NaN,1.53289,15383552.59,6.95996,2048
12,12,2,OFDM,Modified Rapp model,20000000,16000000,0.25,30456393.35,NaN,NaN,1.52282,30365268.33,14.5237,2048
12,12,3,OFDM,Lookup table,20000000,16000000,0.25,30509101.86,NaN,NaN,1.52546,30416021.31,11.8,2048
12,12,4,QAM,Cubic polynomial,20000000,16000000,0.25,17537031,17649091.31,0.993651,0.876852,17388706.53,18.3252,2048
12,12,5,QAM,Saleh model,10000000,8000000,0.25,8978072.782,8824545.657,1.0174,0.897807,8913161.85,19.0528,2048
12,13,1,OFDM,Hyperbolic tangent,10000000,8000000,0.25,10018986.35,NaN,NaN,1.0019,10109554.67,6.03747,2048
12,13,2,OFDM,Modified Rapp model,20000000,16000000,0.25,19891981.83,NaN,NaN,0.994599,19639674.38,14.5979,2048
12,13,3,OFDM,Lookup table,20000000,16000000,0.25,19793200.97,NaN,NaN,0.98966,19704337.88,-4.62861,2048
12,13,4,OFDM,Ghorbani model,10000000,8000000,0.25,10123772.62,NaN,NaN,1.01238,10056072.9,1.81983,2048
12,13,5,QAM,Cubic polynomial,20000000,16000000,0.25,17761152.16,17649091.31,1.00635,0.888058,17649351.46,3.41198,2048
12,13,6,QAM,Saleh model,10000000,8000000,0.25,9053025.709,8824545.657,1.02589,0.905303,9006590.047,-3.96324,2048
12,14,1,OFDM,Hyperbolic tangent,10000000,8000000,0.25,15891526.25,NaN,NaN,1.58915,15533138.25,6.03752,410
12,14,2,OFDM,Modified Rapp model,20000000,16000000,0.25,31036187.94,NaN,NaN,1.55181,30510924.86,14.5979,410
12,14,3,OFDM,Lookup table,20000000,16000000,0.25,30974025.56,NaN,NaN,1.5487,30745966.06,-4.62861,410
12,14,4,OFDM,Ghorbani model,10000000,8000000,0.25,23203475.32,NaN,NaN,2.32035,23258091.82,1.81983,1638
12,14,5,QAM,Cubic polynomial,20000000,16000000,0.25,18047799.82,17649091.31,1.02259,0.90239,18103949.53,3.41198,410
12,14,6,QAM,Saleh model,10000000,8000000,0.25,9372419.182,8824545.657,1.06209,0.937242,9454625.614,-3.96324,410
12,17,1,OFDM,Hyperbolic tangent,10000000,8000000,0.25,10506287.9,NaN,NaN,1.05063,10620298.74,8.53636,410
12,17,2,OFDM,Modified Rapp model,20000000,16000000,0.25,20640705.1,NaN,NaN,1.03204,20361396.1,10.4403,410
12,17,3,OFDM,Lookup table,20000000,16000000,0.25,20581310.07,NaN,NaN,1.02907,20852851.41,16.6869,410
12,17,4,QAM,Cubic polynomial,20000000,16000000,0.25,18141076.81,17649091.31,1.02788,0.907054,18138611.58,-2.57969,410
12,17,5,QAM,Saleh model,10000000,8000000,0.25,9575369.675,8824545.657,1.08508,0.957537,9455589.713,-2.40125,410
12,18,1,OFDM,Hyperbolic tangent,10000000,8000000,0.25,15328947.65,NaN,NaN,1.53289,15172094.82,8.53628,2048
12,18,2,OFDM,Modified Rapp model,20000000,16000000,0.25,30456393.35,NaN,NaN,1.52282,30323718.97,10.4403,2048
12,18,3,OFDM,Lookup table,20000000,16000000,0.25,30509101.86,NaN,NaN,1.52546,30414272.53,16.6868,2048
12,18,4,QAM,Cubic polynomial,20000000,16000000,0.25,17537031,17649091.31,0.993651,0.876852,17428349.97,-2.57969,2048
12,18,5,QAM,Saleh model,10000000,8000000,0.25,8978072.782,8824545.657,1.0174,0.897807,8995361.022,-2.40125,2048
